CustomerID,Complain,WarehouseToHome
50001,1,6.0
50002,1,8.0
50003,1,30.0
50004,0,15.0
50005,0,12.0
50006,1,22.0
50007,0,11.0
50008,1,6.0
50009,1,9.0
50010,0,31.0
50011,0,18.0
50012,1,6.0
50013,1,11.0
50014,1,15.0
50015,0,15.0
50016,1,12.0
50017,1,12.0
50018,1,11.0
50019,1,13.0
50020,1,20.0
50021,1,12.0
50022,0,29.0
50023,1,28.0
50024,1,26.0
50025,0,14.0
50026,0,15.0
50027,0,6.0
50028,1,12.0
50029,0,
50030,0,14.0
50031,0,6.0
50032,0,13.0
50033,1,15.0
50034,0,10.0
50035,0,8.0
50036,0,
50037,0,15.0
50038,0,27.0
50039,1,30.0
50040,1,
50041,0,17.0
50042,0,
50043,0,11.0
50044,0,6.0
50045,0,12.0
50046,1,23.0
50047,0,
50048,0,9.0
50049,0,15.0
50050,1,10.0
50051,1,14.0
50052,0,
50053,0,8.0
50054,0,6.0
50055,0,15.0
50056,1,18.0
50057,0,33.0
50058,1,26.0
50059,0,6.0
50060,0,19.0
50061,0,20.0
50062,0,10.0
50063,0,20.0
50064,0,8.0
50065,0,9.0
50066,0,6.0
50067,0,15.0
50068,1,29.0
50069,0,13.0
50070,0,8.0
50071,1,27.0
50072,0,8.0
50073,0,27.0
50074,0,8.0
50075,0,35.0
50076,0,6.0
50077,1,24.0
50078,1,16.0
50079,1,25.0
50080,1,35.0
50081,0,33.0
50082,1,
50083,0,24.0
50084,0,15.0
50085,0,6.0
50086,0,10.0
50087,0,6.0
50088,0,26.0
50089,0,14.0
50090,1,
50091,1,12.0
50092,0,32.0
50093,0,6.0
50094,0,12.0
50095,0,9.0
50096,0,11.0
50097,0,
50098,1,17.0
50099,0,9.0
50100,0,6.0
50101,0,9.0
50102,0,10.0
50103,0,6.0
50104,0,6.0
50105,1,
50106,0,8.0
50107,0,10.0
50108,0,12.0
50109,0,6.0
50110,1,
50111,1,22.0
50112,0,8.0
50113,1,8.0
50114,0,10.0
50115,1,6.0
50116,0,6.0
50117,0,32.0
50118,0,25.0
50119,0,30.0
50120,0,6.0
50121,0,9.0
50122,0,11.0
50123,0,8.0
50124,0,6.0
50125,0,13.0
50126,0,16.0
50127,0,8.0
50128,0,
50129,1,23.0
50130,0,26.0
50131,0,6.0
50132,1,
50133,0,8.0
50134,0,6.0
50135,0,35.0
50136,0,13.0
50137,0,8.0
50138,0,8.0
50139,1,8.0
50140,0,8.0
50141,0,8.0
50142,0,29.0
50143,0,11.0
50144,1,26.0
50145,0,12.0
50146,1,6.0
50147,1,35.0
50148,0,15.0
50149,0,12.0
50150,0,9.0
50151,1,6.0
50152,0,28.0
50153,1,13.0
50154,0,6.0
50155,0,10.0
50156,1,9.0
50157,0,6.0
50158,0,8.0
50159,1,26.0
50160,1,17.0
50161,0,6.0
50162,1,30.0
50163,0,29.0
50164,1,
50165,0,14.0
50166,1,16.0
50167,0,9.0
50168,0,11.0
50169,1,10.0
50170,1,
50171,0,32.0
50172,0,9.0
50173,0,22.0
50174,0,24.0
50175,0,8.0
50176,0,8.0
50177,0,16.0
50178,0,22.0
50179,0,13.0
50180,0,6.0
50181,0,30.0
50182,0,13.0
50183,0,31.0
50184,1,6.0
50185,1,11.0
50186,0,8.0
50187,0,13.0
50188,1,8.0
50189,0,11.0
50190,1,16.0
50191,0,
50192,1,6.0
50193,0,14.0
50194,1,
50195,1,14.0
50196,1,8.0
50197,0,13.0
50198,0,8.0
50199,1,8.0
50200,0,34.0
50201,0,13.0
50202,0,5.0
50203,1,9.0
50204,0,16.0
50205,0,11.0
50206,0,16.0
50207,1,6.0
50208,0,26.0
50209,0,13.0
50210,0,14.0
50211,1,6.0
50212,1,14.0
50213,0,15.0
50214,0,11.0
50215,0,14.0
50216,0,11.0
50217,1,21.0
50218,1,13.0
50219,1,16.0
50220,0,11.0
50221,0,32.0
50222,1,12.0
50223,0,10.0
50224,0,29.0
50225,0,8.0
50226,1,8.0
50227,0,
50228,0,35.0
50229,1,12.0
50230,1,31.0
50231,0,6.0
50232,0,8.0
50233,1,6.0
50234,0,6.0
50235,0,9.0
50236,0,6.0
50237,1,16.0
50238,0,
50239,1,11.0
50240,0,16.0
50241,0,13.0
50242,0,10.0
50243,0,16.0
50244,1,28.0
50245,1,
50246,0,18.0
50247,0,29.0
50248,0,15.0
50249,0,6.0
50250,0,15.0
50251,0,13.0
50252,0,20.0
50253,0,
50254,1,25.0
50255,1,8.0
50256,1,16.0
50257,0,
50258,0,9.0
50259,0,17.0
50260,0,8.0
50261,1,10.0
50262,0,20.0
50263,0,8.0
50264,0,
50265,1,16.0
50266,0,18.0
50267,0,8.0
50268,0,11.0
50269,0,10.0
50270,0,13.0
50271,0,27.0
50272,1,14.0
50273,1,10.0
50274,1,31.0
50275,0,6.0
50276,1,6.0
50277,0,12.0
50278,0,18.0
50279,0,6.0
50280,0,23.0
50281,0,9.0
50282,1,9.0
50283,0,
50284,0,10.0
50285,0,35.0
50286,0,8.0
50287,0,13.0
50288,0,24.0
50289,0,34.0
50290,1,6.0
50291,0,
50292,1,8.0
50293,0,8.0
50294,0,29.0
50295,0,9.0
50296,0,9.0
50297,0,
50298,0,
50299,0,28.0
50300,0,35.0
50301,0,35.0
50302,0,
50303,0,34.0
50304,0,8.0
50305,0,8.0
50306,0,28.0
50307,0,14.0
50308,0,8.0
50309,1,16.0
50310,0,15.0
50311,1,21.0
50312,0,16.0
50313,0,13.0
50314,1,22.0
50315,0,26.0
50316,1,29.0
50317,0,11.0
50318,0,16.0
50319,0,10.0
50320,0,8.0
50321,0,24.0
50322,0,16.0
50323,0,6.0
50324,0,12.0
50325,0,14.0
50326,1,8.0
50327,1,30.0
50328,0,8.0
50329,1,23.0
50330,0,25.0
50331,0,6.0
50332,0,13.0
50333,1,11.0
50334,0,34.0
50335,1,8.0
50336,0,35.0
50337,0,6.0
50338,0,27.0
50339,1,
50340,0,6.0
50341,0,24.0
50342,0,8.0
50343,0,15.0
50344,1,12.0
50345,0,17.0
50346,0,
50347,0,16.0
50348,0,6.0
50349,1,24.0
50350,1,29.0
50351,0,34.0
50352,0,23.0
50353,0,9.0
50354,0,19.0
50355,1,13.0
50356,0,18.0
50357,1,6.0
50358,0,19.0
50359,0,31.0
50360,0,12.0
50361,0,12.0
50362,1,8.0
50363,0,6.0
50364,0,8.0
50365,1,12.0
50366,0,
50367,1,15.0
50368,0,6.0
50369,0,6.0
50370,1,
50371,0,8.0
50372,0,28.0
50373,1,9.0
50374,0,12.0
50375,0,14.0
50376,1,15.0
50377,0,9.0
50378,0,6.0
50379,0,6.0
50380,0,32.0
50381,1,12.0
50382,0,9.0
50383,0,9.0
50384,0,12.0
50385,0,12.0
50386,0,25.0
50387,1,15.0
50388,0,9.0
50389,1,16.0
50390,1,9.0
50391,0,9.0
50392,0,10.0
50393,0,14.0
50394,0,13.0
50395,0,6.0
50396,0,8.0
50397,1,9.0
50398,0,16.0
50399,1,34.0
50400,0,15.0
50401,0,9.0
50402,0,8.0
50403,0,16.0
50404,1,14.0
50405,0,6.0
50406,0,6.0
50407,0,9.0
50408,0,20.0
50409,1,11.0
50410,0,13.0
50411,0,16.0
50412,0,22.0
50413,0,16.0
50414,0,6.0
50415,0,14.0
50416,1,6.0
50417,0,14.0
50418,1,6.0
50419,0,30.0
50420,1,9.0
50421,0,33.0
50422,0,
50423,1,25.0
50424,0,21.0
50425,0,14.0
50426,0,
50427,0,9.0
50428,0,15.0
50429,1,
50430,0,13.0
50431,0,16.0
50432,0,
50433,0,8.0
50434,0,30.0
50435,1,8.0
50436,0,14.0
50437,0,9.0
50438,1,6.0
50439,0,32.0
50440,0,8.0
50441,0,16.0
50442,1,33.0
50443,0,8.0
50444,1,8.0
50445,0,14.0
50446,0,25.0
50447,0,6.0
50448,0,33.0
50449,0,14.0
50450,0,6.0
50451,1,25.0
50452,0,5.0
50453,1,16.0
50454,1,8.0
50455,0,8.0
50456,0,
50457,0,6.0
50458,0,8.0
50459,0,14.0
50460,0,14.0
50461,1,12.0
50462,0,15.0
50463,0,17.0
50464,0,8.0
50465,1,
50466,0,13.0
50467,0,22.0
50468,1,8.0
50469,0,6.0
50470,0,29.0
50471,1,8.0
50472,0,
50473,1,6.0
50474,0,8.0
50475,0,19.0
50476,0,10.0
50477,0,22.0
50478,1,8.0
50479,0,8.0
50480,0,35.0
50481,0,18.0
50482,0,
50483,0,17.0
50484,0,8.0
50485,0,20.0
50486,1,11.0
50487,0,13.0
50488,1,8.0
50489,0,9.0
50490,1,
50491,0,9.0
50492,0,32.0
50493,0,10.0
50494,0,8.0
50495,0,6.0
50496,0,
50497,1,6.0
50498,0,19.0
50499,0,11.0
50500,1,13.0
50501,1,15.0
50502,0,14.0
50503,0,31.0
50504,0,22.0
50505,0,14.0
50506,0,6.0
50507,1,14.0
50508,1,
50509,0,
50510,1,9.0
50511,1,15.0
50512,1,31.0
50513,0,6.0
50514,0,10.0
50515,0,6.0
50516,0,10.0
50517,0,11.0
50518,0,15.0
50519,1,9.0
50520,1,
50521,1,6.0
50522,0,14.0
50523,0,31.0
50524,0,27.0
50525,0,29.0
50526,0,6.0
50527,1,8.0
50528,1,25.0
50529,0,8.0
50530,0,8.0
50531,1,9.0
50532,1,31.0
50533,0,
50534,1,
50535,0,11.0
50536,1,
50537,0,14.0
50538,0,8.0
50539,0,24.0
50540,1,20.0
50541,1,8.0
50542,1,9.0
50543,1,8.0
50544,0,
50545,1,
50546,0,
50547,0,16.0
50548,0,20.0
50549,1,6.0
50550,1,11.0
50551,0,
50552,1,27.0
50553,0,14.0
50554,0,26.0
50555,0,26.0
50556,0,13.0
50557,0,6.0
50558,0,
50559,1,
50560,0,16.0
50561,0,6.0
50562,1,12.0
50563,0,
50564,1,27.0
50565,0,10.0
50566,1,18.0
50567,1,15.0
50568,0,9.0
50569,1,9.0
50570,0,6.0
50571,0,6.0
50572,0,10.0
50573,0,26.0
50574,0,24.0
50575,0,6.0
50576,0,
50577,0,8.0
50578,0,14.0
50579,1,16.0
50580,0,9.0
50581,0,8.0
50582,1,30.0
50583,1,22.0
50584,0,14.0
50585,1,
50586,0,23.0
50587,1,
50588,0,19.0
50589,0,6.0
50590,0,6.0
50591,1,6.0
50592,0,15.0
50593,0,22.0
50594,1,29.0
50595,1,10.0
50596,1,28.0
50597,1,30.0
50598,0,16.0
50599,0,13.0
50600,0,23.0
50601,1,20.0
50602,0,6.0
50603,0,11.0
50604,0,23.0
50605,1,31.0
50606,1,14.0
50607,1,
50608,0,
50609,0,8.0
50610,0,
50611,0,12.0
50612,0,10.0
50613,0,13.0
50614,0,6.0
50615,0,8.0
50616,0,16.0
50617,0,11.0
50618,0,
50619,1,8.0
50620,0,17.0
50621,1,24.0
50622,0,13.0
50623,1,9.0
50624,0,35.0
50625,0,8.0
50626,1,34.0
50627,0,6.0
50628,0,22.0
50629,1,28.0
50630,0,
50631,0,17.0
50632,0,35.0
50633,0,6.0
50634,1,6.0
50635,0,30.0
50636,0,8.0
50637,0,21.0
50638,1,8.0
50639,1,16.0
50640,0,16.0
50641,0,9.0
50642,1,8.0
50643,0,9.0
50644,0,32.0
50645,0,6.0
50646,0,6.0
50647,0,8.0
50648,0,15.0
50649,0,18.0
50650,0,8.0
50651,0,31.0
50652,1,
50653,0,16.0
50654,1,14.0
50655,1,
50656,0,30.0
50657,0,6.0
50658,0,26.0
50659,0,13.0
50660,0,23.0
50661,0,26.0
50662,0,14.0
50663,0,8.0
50664,0,16.0
50665,0,6.0
50666,0,11.0
50667,1,10.0
50668,0,35.0
50669,0,21.0
50670,0,9.0
50671,1,16.0
50672,1,10.0
50673,0,
50674,1,31.0
50675,0,8.0
50676,0,
50677,1,6.0
50678,0,13.0
50679,0,9.0
50680,0,6.0
50681,0,15.0
50682,0,13.0
50683,1,16.0
50684,0,
50685,0,9.0
50686,0,9.0
50687,0,8.0
50688,0,33.0
50689,0,8.0
50690,0,20.0
50691,1,6.0
50692,0,15.0
50693,0,24.0
50694,0,26.0
50695,0,8.0
50696,0,17.0
50697,0,14.0
50698,0,8.0
50699,0,16.0
50700,0,35.0
50701,1,14.0
50702,0,6.0
50703,1,12.0
50704,0,14.0
50705,1,15.0
50706,1,18.0
50707,0,
50708,0,31.0
50709,0,
50710,0,15.0
50711,0,14.0
50712,0,29.0
50713,0,15.0
50714,1,18.0
50715,0,10.0
50716,0,6.0
50717,0,30.0
50718,1,
50719,0,9.0
50720,0,16.0
50721,1,32.0
50722,0,8.0
50723,0,6.0
50724,0,
50725,0,15.0
50726,0,8.0
50727,0,10.0
50728,0,12.0
50729,0,
50730,1,13.0
50731,0,6.0
50732,0,9.0
50733,1,16.0
50734,0,13.0
50735,1,21.0
50736,1,9.0
50737,0,8.0
50738,0,23.0
50739,0,8.0
50740,0,11.0
50741,0,35.0
50742,0,8.0
50743,0,8.0
50744,0,25.0
50745,0,21.0
50746,1,23.0
50747,0,23.0
50748,0,31.0
50749,0,12.0
50750,0,13.0
50751,0,35.0
50752,0,27.0
50753,0,8.0
50754,0,8.0
50755,1,13.0
50756,0,19.0
50757,1,8.0
50758,1,6.0
50759,0,15.0
50760,0,16.0
50761,0,16.0
50762,1,6.0
50763,1,32.0
50764,1,14.0
50765,1,20.0
50766,0,6.0
50767,0,8.0
50768,1,16.0
50769,0,6.0
50770,0,9.0
50771,1,17.0
50772,0,30.0
50773,0,9.0
50774,0,9.0
50775,0,10.0
50776,0,9.0
50777,0,
50778,0,
50779,1,13.0
50780,0,6.0
50781,0,6.0
50782,0,
50783,0,11.0
50784,1,16.0
50785,1,31.0
50786,0,6.0
50787,1,30.0
50788,1,10.0
50789,1,8.0
50790,1,14.0
50791,0,
50792,0,10.0
50793,1,8.0
50794,1,15.0
50795,0,24.0
50796,0,25.0
50797,1,6.0
50798,0,10.0
50799,0,17.0
50800,1,12.0
50801,1,
50802,0,10.0
50803,1,8.0
50804,0,21.0
50805,1,8.0
50806,0,12.0
50807,1,15.0
50808,1,13.0
50809,0,6.0
50810,0,6.0
50811,0,14.0
50812,0,31.0
50813,1,19.0
50814,0,
50815,0,13.0
50816,0,29.0
50817,0,12.0
50818,0,16.0
50819,0,6.0
50820,0,6.0
50821,1,34.0
50822,1,31.0
50823,1,11.0
50824,1,23.0
50825,0,24.0
50826,1,8.0
50827,0,16.0
50828,1,6.0
50829,0,
50830,1,8.0
50831,0,8.0
50832,0,14.0
50833,0,22.0
50834,0,15.0
50835,0,8.0
50836,0,6.0
50837,1,10.0
50838,1,11.0
50839,0,8.0
50840,0,21.0
50841,0,25.0
50842,1,13.0
50843,0,
50844,0,13.0
50845,0,10.0
50846,0,
50847,0,17.0
50848,0,6.0
50849,0,6.0
50850,0,8.0
50851,1,19.0
50852,1,29.0
50853,0,32.0
50854,0,8.0
50855,0,35.0
50856,0,8.0
50857,1,24.0
50858,0,
50859,0,8.0
50860,0,32.0
50861,1,28.0
50862,1,27.0
50863,0,8.0
50864,1,28.0
50865,1,10.0
50866,0,11.0
50867,1,8.0
50868,0,31.0
50869,0,24.0
50870,1,34.0
50871,1,12.0
50872,1,16.0
50873,1,
50874,0,8.0
50875,0,16.0
50876,0,14.0
50877,0,17.0
50878,0,24.0
50879,0,6.0
50880,0,13.0
50881,0,23.0
50882,0,34.0
50883,1,20.0
50884,0,6.0
50885,1,6.0
50886,0,6.0
50887,1,9.0
50888,0,6.0
50889,0,13.0
50890,0,14.0
50891,0,6.0
50892,0,14.0
50893,0,17.0
50894,0,10.0
50895,0,22.0
50896,0,6.0
50897,0,15.0
50898,0,11.0
50899,0,6.0
50900,0,8.0
50901,1,10.0
50902,0,13.0
50903,0,6.0
50904,1,11.0
50905,0,15.0
50906,0,14.0
50907,0,15.0
50908,1,8.0
50909,0,6.0
50910,1,26.0
50911,0,14.0
50912,1,8.0
50913,1,35.0
50914,0,13.0
50915,0,15.0
50916,0,14.0
50917,0,11.0
50918,0,11.0
50919,0,8.0
50920,0,11.0
50921,0,
50922,0,26.0
50923,0,13.0
50924,0,9.0
50925,0,22.0
50926,0,15.0
50927,0,6.0
50928,0,13.0
50929,0,6.0
50930,0,13.0
50931,0,21.0
50932,0,6.0
50933,0,19.0
50934,1,30.0
50935,0,
50936,1,15.0
50937,0,19.0
50938,1,8.0
50939,0,25.0
50940,0,6.0
50941,1,10.0
50942,0,10.0
50943,1,20.0
50944,0,
50945,0,6.0
50946,0,13.0
50947,0,9.0
50948,0,8.0
50949,0,35.0
50950,1,14.0
50951,0,16.0
50952,0,17.0
50953,0,
50954,0,34.0
50955,0,12.0
50956,0,9.0
50957,0,22.0
50958,0,26.0
50959,0,15.0
50960,1,6.0
50961,0,9.0
50962,1,28.0
50963,1,13.0
50964,0,8.0
50965,0,19.0
50966,0,14.0
50967,0,31.0
50968,0,34.0
50969,1,8.0
50970,0,15.0
50971,1,34.0
50972,1,12.0
50973,0,27.0
50974,1,14.0
50975,0,6.0
50976,0,
50977,0,11.0
50978,1,
50979,0,22.0
50980,0,
50981,0,14.0
50982,0,6.0
50983,0,16.0
50984,0,
50985,0,35.0
50986,1,8.0
50987,0,8.0
50988,0,8.0
50989,0,6.0
50990,0,
50991,0,13.0
50992,0,32.0
50993,0,6.0
50994,0,9.0
50995,0,20.0
50996,0,22.0
50997,0,6.0
50998,1,9.0
50999,1,16.0
51000,0,12.0
51001,0,8.0
51002,1,5.0
51003,0,16.0
51004,1,12.0
51005,0,15.0
51006,0,34.0
51007,0,16.0
51008,0,20.0
51009,0,33.0
51010,0,13.0
51011,0,6.0
51012,1,
51013,1,32.0
51014,1,26.0
51015,0,11.0
51016,1,13.0
51017,0,13.0
51018,1,11.0
51019,0,32.0
51020,0,8.0
51021,1,18.0
51022,0,16.0
51023,0,31.0
51024,0,16.0
51025,0,25.0
51026,0,24.0
51027,0,33.0
51028,0,11.0
51029,1,9.0
51030,0,32.0
51031,0,9.0
51032,0,21.0
51033,0,14.0
51034,0,25.0
51035,0,10.0
51036,0,8.0
51037,1,8.0
51038,0,16.0
51039,0,16.0
51040,1,22.0
51041,1,6.0
51042,0,10.0
51043,1,21.0
51044,1,8.0
51045,0,14.0
51046,0,
51047,1,13.0
51048,0,16.0
51049,0,11.0
51050,0,8.0
51051,0,18.0
51052,0,28.0
51053,0,23.0
51054,0,8.0
51055,0,9.0
51056,0,13.0
51057,1,12.0
51058,0,6.0
51059,0,9.0
51060,0,28.0
51061,0,21.0
51062,1,18.0
51063,0,6.0
51064,1,11.0
51065,0,8.0
51066,0,8.0
51067,0,11.0
51068,1,
51069,0,
51070,0,8.0
51071,0,6.0
51072,1,29.0
51073,0,15.0
51074,1,22.0
51075,0,32.0
51076,1,6.0
51077,1,14.0
51078,0,10.0
51079,0,30.0
51080,1,
51081,0,8.0
51082,0,
51083,0,28.0
51084,0,11.0
51085,0,6.0
51086,0,27.0
51087,0,6.0
51088,0,25.0
51089,1,13.0
51090,1,8.0
51091,1,8.0
51092,1,8.0
51093,0,15.0
51094,0,12.0
51095,0,15.0
51096,0,8.0
51097,0,6.0
51098,0,28.0
51099,0,15.0
51100,0,23.0
51101,0,34.0
51102,0,16.0
51103,0,8.0
51104,0,10.0
51105,1,14.0
51106,0,35.0
51107,0,19.0
51108,0,33.0
51109,0,22.0
51110,0,8.0
51111,1,8.0
51112,1,19.0
51113,0,6.0
51114,0,10.0
51115,0,30.0
51116,1,6.0
51117,0,25.0
51118,0,13.0
51119,0,10.0
51120,0,8.0
51121,0,16.0
51122,0,14.0
51123,0,11.0
51124,0,14.0
51125,0,15.0
51126,1,6.0
51127,0,21.0
51128,1,8.0
51129,0,8.0
51130,0,17.0
51131,1,22.0
51132,0,
51133,0,22.0
51134,0,10.0
51135,0,22.0
51136,0,11.0
51137,1,24.0
51138,1,
51139,0,18.0
51140,0,8.0
51141,0,10.0
51142,0,15.0
51143,1,16.0
51144,1,6.0
51145,0,8.0
51146,0,9.0
51147,0,13.0
51148,0,12.0
51149,1,
51150,0,35.0
51151,0,9.0
51152,0,15.0
51153,1,8.0
51154,1,16.0
51155,1,
51156,0,14.0
51157,1,33.0
51158,0,14.0
51159,0,6.0
51160,0,16.0
51161,0,32.0
51162,0,8.0
51163,0,19.0
51164,0,8.0
51165,0,
51166,0,15.0
51167,0,16.0
51168,0,26.0
51169,0,
51170,0,11.0
51171,1,10.0
51172,0,16.0
51173,1,26.0
51174,0,27.0
51175,0,6.0
51176,0,14.0
51177,0,8.0
51178,0,29.0
51179,1,10.0
51180,0,18.0
51181,0,13.0
51182,0,13.0
51183,0,6.0
51184,1,8.0
51185,0,16.0
51186,1,21.0
51187,0,20.0
51188,0,24.0
51189,1,
51190,0,8.0
51191,1,8.0
51192,0,8.0
51193,1,
51194,0,26.0
51195,0,16.0
51196,0,16.0
51197,0,15.0
51198,0,8.0
51199,0,6.0
51200,0,35.0
51201,0,14.0
51202,1,8.0
51203,0,9.0
51204,0,29.0
51205,0,12.0
51206,0,12.0
51207,0,16.0
51208,1,
51209,0,16.0
51210,0,21.0
51211,0,25.0
51212,0,8.0
51213,0,9.0
51214,0,15.0
51215,1,
51216,1,16.0
51217,0,26.0
51218,1,10.0
51219,0,13.0
51220,1,13.0
51221,1,22.0
51222,0,31.0
51223,0,8.0
51224,0,6.0
51225,1,6.0
51226,0,8.0
51227,0,28.0
51228,0,6.0
51229,1,22.0
51230,0,
51231,0,23.0
51232,0,14.0
51233,0,12.0
51234,1,16.0
51235,1,9.0
51236,0,10.0
51237,0,
51238,0,6.0
51239,0,16.0
51240,1,6.0
51241,0,30.0
51242,0,27.0
51243,0,8.0
51244,1,28.0
51245,1,19.0
51246,0,20.0
51247,0,17.0
51248,0,15.0
51249,1,14.0
51250,1,27.0
51251,1,
51252,0,15.0
51253,0,8.0
51254,1,18.0
51255,0,28.0
51256,0,24.0
51257,0,22.0
51258,1,9.0
51259,0,15.0
51260,0,6.0
51261,0,19.0
51262,0,6.0
51263,0,6.0
51264,0,21.0
51265,0,6.0
51266,0,
51267,0,6.0
51268,1,13.0
51269,0,15.0
51270,0,11.0
51271,1,32.0
51272,1,30.0
51273,0,15.0
51274,0,13.0
51275,0,17.0
51276,1,6.0
51277,1,32.0
51278,1,8.0
51279,0,21.0
51280,0,29.0
51281,0,16.0
51282,1,16.0
51283,0,6.0
51284,0,
51285,0,17.0
51286,0,8.0
51287,0,8.0
51288,0,6.0
51289,1,8.0
51290,0,31.0
51291,0,6.0
51292,0,6.0
51293,0,8.0
51294,0,12.0
51295,1,24.0
51296,0,6.0
51297,0,6.0
51298,1,17.0
51299,0,6.0
51300,0,15.0
51301,1,21.0
51302,0,35.0
51303,0,
51304,0,6.0
51305,0,30.0
51306,0,16.0
51307,0,6.0
51308,1,16.0
51309,1,14.0
51310,0,126.0
51311,1,
51312,1,
51313,0,15.0
51314,0,15.0
51315,0,9.0
51316,0,10.0
51317,0,6.0
51318,1,6.0
51319,0,8.0
51320,0,
51321,0,34.0
51322,0,34.0
51323,0,21.0
51324,0,9.0
51325,0,
51326,1,32.0
51327,0,16.0
51328,0,6.0
51329,0,17.0
51330,0,26.0
51331,0,8.0
51332,1,24.0
51333,0,8.0
51334,0,6.0
51335,1,19.0
51336,0,34.0
51337,1,34.0
51338,0,30.0
51339,0,11.0
51340,0,11.0
51341,0,
51342,0,12.0
51343,1,10.0
51344,0,8.0
51345,0,14.0
51346,1,6.0
51347,0,14.0
51348,1,8.0
51349,1,9.0
51350,0,8.0
51351,0,8.0
51352,1,9.0
51353,0,30.0
51354,0,29.0
51355,0,33.0
51356,0,
51357,1,21.0
51358,0,32.0
51359,0,25.0
51360,1,30.0
51361,0,27.0
51362,1,11.0
51363,1,22.0
51364,0,8.0
51365,1,8.0
51366,0,17.0
51367,0,15.0
51368,0,13.0
51369,0,21.0
51370,0,12.0
51371,0,11.0
51372,1,22.0
51373,0,14.0
51374,0,13.0
51375,0,8.0
51376,0,
51377,1,16.0
51378,0,15.0
51379,0,11.0
51380,1,6.0
51381,0,
51382,1,9.0
51383,0,8.0
51384,1,11.0
51385,0,6.0
51386,0,10.0
51387,0,
51388,0,31.0
51389,0,14.0
51390,0,6.0
51391,0,18.0
51392,0,29.0
51393,0,25.0
51394,1,11.0
51395,0,14.0
51396,1,6.0
51397,1,11.0
51398,1,6.0
51399,1,17.0
51400,1,29.0
51401,1,29.0
51402,0,5.0
51403,1,29.0
51404,0,13.0
51405,0,6.0
51406,1,6.0
51407,0,
51408,1,13.0
51409,0,31.0
51410,0,14.0
51411,1,14.0
51412,0,17.0
51413,0,13.0
51414,0,6.0
51415,1,15.0
51416,0,6.0
51417,0,8.0
51418,0,
51419,0,6.0
51420,0,12.0
51421,0,14.0
51422,0,6.0
51423,1,12.0
51424,0,13.0
51425,1,11.0
51426,1,6.0
51427,0,6.0
51428,0,6.0
51429,1,12.0
51430,0,6.0
51431,0,13.0
51432,0,
51433,0,15.0
51434,0,8.0
51435,0,15.0
51436,0,6.0
51437,1,27.0
51438,1,10.0
51439,1,6.0
51440,0,12.0
51441,0,8.0
51442,0,9.0
51443,0,10.0
51444,0,16.0
51445,0,29.0
51446,1,12.0
51447,0,6.0
51448,1,12.0
51449,0,12.0
51450,0,8.0
51451,0,8.0
51452,1,6.0
51453,1,11.0
51454,0,13.0
51455,0,21.0
51456,0,6.0
51457,1,13.0
51458,1,32.0
51459,0,24.0
51460,0,12.0
51461,0,9.0
51462,0,11.0
51463,0,17.0
51464,0,9.0
51465,1,32.0
51466,0,
51467,0,28.0
51468,1,20.0
51469,0,12.0
51470,1,12.0
51471,0,
51472,0,29.0
51473,1,28.0
51474,0,
51475,0,26.0
51476,0,34.0
51477,0,18.0
51478,1,26.0
51479,1,15.0
51480,0,31.0
51481,0,12.0
51482,0,14.0
51483,0,10.0
51484,0,34.0
51485,1,15.0
51486,0,15.0
51487,0,35.0
51488,1,9.0
51489,0,
51490,0,15.0
51491,0,11.0
51492,0,8.0
51493,0,16.0
51494,0,15.0
51495,0,9.0
51496,0,32.0
51497,0,6.0
51498,1,12.0
51499,0,
51500,0,14.0
51501,0,6.0
51502,0,13.0
51503,1,15.0
51504,0,10.0
51505,0,8.0
51506,0,
51507,0,15.0
51508,0,27.0
51509,1,30.0
51510,1,
51511,0,17.0
51512,0,
51513,0,11.0
51514,0,6.0
51515,0,12.0
51516,1,23.0
51517,0,
51518,0,9.0
51519,0,15.0
51520,1,10.0
51521,1,14.0
51522,0,
51523,0,8.0
51524,0,6.0
51525,0,15.0
51526,1,18.0
51527,0,33.0
51528,1,26.0
51529,0,6.0
51530,0,19.0
51531,0,20.0
51532,0,10.0
51533,0,20.0
51534,0,8.0
51535,0,9.0
51536,0,6.0
51537,0,15.0
51538,1,29.0
51539,0,13.0
51540,0,8.0
51541,1,27.0
51542,0,8.0
51543,0,27.0
51544,0,8.0
51545,0,35.0
51546,0,6.0
51547,1,24.0
51548,1,16.0
51549,1,25.0
51550,1,35.0
51551,0,33.0
51552,1,
51553,0,24.0
51554,0,15.0
51555,0,6.0
51556,0,10.0
51557,0,6.0
51558,0,26.0
51559,0,14.0
51560,1,
51561,1,12.0
51562,0,32.0
51563,0,6.0
51564,0,12.0
51565,0,9.0
51566,0,11.0
51567,0,
51568,1,17.0
51569,0,9.0
51570,0,6.0
51571,0,9.0
51572,0,10.0
51573,0,6.0
51574,0,6.0
51575,1,
51576,0,8.0
51577,0,10.0
51578,0,12.0
51579,0,6.0
51580,1,
51581,1,22.0
51582,0,8.0
51583,1,8.0
51584,0,10.0
51585,1,6.0
51586,0,6.0
51587,0,32.0
51588,0,25.0
51589,0,30.0
51590,0,6.0
51591,0,9.0
51592,0,11.0
51593,0,8.0
51594,0,6.0
51595,0,13.0
51596,0,16.0
51597,0,8.0
51598,0,
51599,1,23.0
51600,0,26.0
51601,0,6.0
51602,1,
51603,0,8.0
51604,0,6.0
51605,0,35.0
51606,0,13.0
51607,0,8.0
51608,0,8.0
51609,1,8.0
51610,0,8.0
51611,0,8.0
51612,0,29.0
51613,0,11.0
51614,1,26.0
51615,0,12.0
51616,1,6.0
51617,1,35.0
51618,0,15.0
51619,0,12.0
51620,0,9.0
51621,1,6.0
51622,0,28.0
51623,1,13.0
51624,0,6.0
51625,0,10.0
51626,1,9.0
51627,0,6.0
51628,0,8.0
51629,1,26.0
51630,1,17.0
51631,0,6.0
51632,1,30.0
51633,0,29.0
51634,1,
51635,0,14.0
51636,1,16.0
51637,0,9.0
51638,0,11.0
51639,1,10.0
51640,1,
51641,0,32.0
51642,0,9.0
51643,0,22.0
51644,0,24.0
51645,0,8.0
51646,0,8.0
51647,0,16.0
51648,0,22.0
51649,0,13.0
51650,0,6.0
51651,0,30.0
51652,0,13.0
51653,0,31.0
51654,1,6.0
51655,1,11.0
51656,0,8.0
51657,0,13.0
51658,1,8.0
51659,0,11.0
51660,1,16.0
51661,0,
51662,1,6.0
51663,0,14.0
51664,1,
51665,1,14.0
51666,1,8.0
51667,0,13.0
51668,0,8.0
51669,1,8.0
51670,0,34.0
51671,0,13.0
51672,0,13.0
51673,1,9.0
51674,0,16.0
51675,0,11.0
51676,0,16.0
51677,1,6.0
51678,0,26.0
51679,0,13.0
51680,0,14.0
51681,1,6.0
51682,1,14.0
51683,0,15.0
51684,0,11.0
51685,0,14.0
51686,0,11.0
51687,1,21.0
51688,1,13.0
51689,1,16.0
51690,0,11.0
51691,0,32.0
51692,1,12.0
51693,0,10.0
51694,0,29.0
51695,0,8.0
51696,1,8.0
51697,0,
51698,0,35.0
51699,1,12.0
51700,1,31.0
51701,0,6.0
51702,0,8.0
51703,1,6.0
51704,0,6.0
51705,0,9.0
51706,0,6.0
51707,1,16.0
51708,0,
51709,1,11.0
51710,0,16.0
51711,0,13.0
51712,0,10.0
51713,0,16.0
51714,1,28.0
51715,1,
51716,0,18.0
51717,0,29.0
51718,0,15.0
51719,0,6.0
51720,0,15.0
51721,0,13.0
51722,0,20.0
51723,0,
51724,1,25.0
51725,1,8.0
51726,1,16.0
51727,0,
51728,0,9.0
51729,0,17.0
51730,0,8.0
51731,1,10.0
51732,0,20.0
51733,0,8.0
51734,0,
51735,1,16.0
51736,0,18.0
51737,0,8.0
51738,0,11.0
51739,0,10.0
51740,0,13.0
51741,0,27.0
51742,1,14.0
51743,1,10.0
51744,1,31.0
51745,0,6.0
51746,1,6.0
51747,0,12.0
51748,0,18.0
51749,0,6.0
51750,0,23.0
51751,0,9.0
51752,1,9.0
51753,0,
51754,0,10.0
51755,0,35.0
51756,0,8.0
51757,0,13.0
51758,0,24.0
51759,0,34.0
51760,1,6.0
51761,0,
51762,1,8.0
51763,0,8.0
51764,0,29.0
51765,0,9.0
51766,0,9.0
51767,0,
51768,0,
51769,0,28.0
51770,0,35.0
51771,0,35.0
51772,0,
51773,0,34.0
51774,0,8.0
51775,0,8.0
51776,0,28.0
51777,0,5.0
51778,0,8.0
51779,1,16.0
51780,0,15.0
51781,1,21.0
51782,0,16.0
51783,0,13.0
51784,1,22.0
51785,0,26.0
51786,1,29.0
51787,0,11.0
51788,0,16.0
51789,0,10.0
51790,0,8.0
51791,0,24.0
51792,0,16.0
51793,0,6.0
51794,0,12.0
51795,0,14.0
51796,1,8.0
51797,1,30.0
51798,0,8.0
51799,1,23.0
51800,0,25.0
51801,0,6.0
51802,0,13.0
51803,1,11.0
51804,0,34.0
51805,1,8.0
51806,0,35.0
51807,0,6.0
51808,0,27.0
51809,1,
51810,0,6.0
51811,0,24.0
51812,0,8.0
51813,0,15.0
51814,1,12.0
51815,0,17.0
51816,0,
51817,0,16.0
51818,0,6.0
51819,1,24.0
51820,1,29.0
51821,0,34.0
51822,0,23.0
51823,0,9.0
51824,0,19.0
51825,1,13.0
51826,0,18.0
51827,1,6.0
51828,0,19.0
51829,0,31.0
51830,0,12.0
51831,0,12.0
51832,1,8.0
51833,0,6.0
51834,0,8.0
51835,1,12.0
51836,0,
51837,1,15.0
51838,0,6.0
51839,0,6.0
51840,1,
51841,0,8.0
51842,0,28.0
51843,1,9.0
51844,0,12.0
51845,0,14.0
51846,1,15.0
51847,0,9.0
51848,0,6.0
51849,0,6.0
51850,0,32.0
51851,1,12.0
51852,0,9.0
51853,0,9.0
51854,0,12.0
51855,0,12.0
51856,0,25.0
51857,1,15.0
51858,0,9.0
51859,1,16.0
51860,1,9.0
51861,0,9.0
51862,0,10.0
51863,0,14.0
51864,0,13.0
51865,0,6.0
51866,0,8.0
51867,1,9.0
51868,0,16.0
51869,1,34.0
51870,0,15.0
51871,0,9.0
51872,0,8.0
51873,0,16.0
51874,1,14.0
51875,0,6.0
51876,0,6.0
51877,0,9.0
51878,0,20.0
51879,1,11.0
51880,0,13.0
51881,0,16.0
51882,0,22.0
51883,0,16.0
51884,0,6.0
51885,0,14.0
51886,1,6.0
51887,0,14.0
51888,1,6.0
51889,0,30.0
51890,1,9.0
51891,0,33.0
51892,0,
51893,1,25.0
51894,0,21.0
51895,0,14.0
51896,0,
51897,0,9.0
51898,0,15.0
51899,1,
51900,0,13.0
51901,0,16.0
51902,0,
51903,0,8.0
51904,0,30.0
51905,1,8.0
51906,0,14.0
51907,0,9.0
51908,1,6.0
51909,0,32.0
51910,0,8.0
51911,0,16.0
51912,1,33.0
51913,0,8.0
51914,1,8.0
51915,0,14.0
51916,0,25.0
51917,0,6.0
51918,0,33.0
51919,0,14.0
51920,0,6.0
51921,1,25.0
51922,0,14.0
51923,1,16.0
51924,1,8.0
51925,0,8.0
51926,0,
51927,0,6.0
51928,0,8.0
51929,0,14.0
51930,0,14.0
51931,1,12.0
51932,0,15.0
51933,0,17.0
51934,0,8.0
51935,1,
51936,0,13.0
51937,0,22.0
51938,1,8.0
51939,0,6.0
51940,0,29.0
51941,1,8.0
51942,0,
51943,1,6.0
51944,0,8.0
51945,0,19.0
51946,0,10.0
51947,0,22.0
51948,1,8.0
51949,0,8.0
51950,0,35.0
51951,0,18.0
51952,0,
51953,0,17.0
51954,0,8.0
51955,0,20.0
51956,1,11.0
51957,0,13.0
51958,1,8.0
51959,0,9.0
51960,1,
51961,0,9.0
51962,0,32.0
51963,0,10.0
51964,0,8.0
51965,0,6.0
51966,0,
51967,1,6.0
51968,0,19.0
51969,0,11.0
51970,1,13.0
51971,1,15.0
51972,0,14.0
51973,0,31.0
51974,0,22.0
51975,0,14.0
51976,0,6.0
51977,1,14.0
51978,1,
51979,0,
51980,1,9.0
51981,1,15.0
51982,1,31.0
51983,0,6.0
51984,0,10.0
51985,0,6.0
51986,0,10.0
51987,0,11.0
51988,0,15.0
51989,1,9.0
51990,1,
51991,1,6.0
51992,0,14.0
51993,0,31.0
51994,0,27.0
51995,0,29.0
51996,0,6.0
51997,1,8.0
51998,1,25.0
51999,0,8.0
52000,0,8.0
52001,1,9.0
52002,1,31.0
52003,0,
52004,1,
52005,0,11.0
52006,1,
52007,0,14.0
52008,0,8.0
52009,0,24.0
52010,1,20.0
52011,1,8.0
52012,1,9.0
52013,1,8.0
52014,0,
52015,1,
52016,0,
52017,0,16.0
52018,0,20.0
52019,1,6.0
52020,1,11.0
52021,0,
52022,1,27.0
52023,0,14.0
52024,0,26.0
52025,0,26.0
52026,0,13.0
52027,0,6.0
52028,0,
52029,1,
52030,0,16.0
52031,0,6.0
52032,1,12.0
52033,0,
52034,1,27.0
52035,0,10.0
52036,1,18.0
52037,1,15.0
52038,0,9.0
52039,1,9.0
52040,0,6.0
52041,0,6.0
52042,0,10.0
52043,0,26.0
52044,0,24.0
52045,0,6.0
52046,0,
52047,0,8.0
52048,0,14.0
52049,1,16.0
52050,0,9.0
52051,0,8.0
52052,1,30.0
52053,1,22.0
52054,0,14.0
52055,1,
52056,0,23.0
52057,1,
52058,0,19.0
52059,0,6.0
52060,0,6.0
52061,1,6.0
52062,0,15.0
52063,0,22.0
52064,1,29.0
52065,1,10.0
52066,1,28.0
52067,1,30.0
52068,0,16.0
52069,0,13.0
52070,0,23.0
52071,1,20.0
52072,0,6.0
52073,0,11.0
52074,0,23.0
52075,1,31.0
52076,1,14.0
52077,1,
52078,0,
52079,0,8.0
52080,0,
52081,0,12.0
52082,0,10.0
52083,0,13.0
52084,0,6.0
52085,0,8.0
52086,0,16.0
52087,0,11.0
52088,0,
52089,1,8.0
52090,0,17.0
52091,1,24.0
52092,0,13.0
52093,1,9.0
52094,0,35.0
52095,0,8.0
52096,1,34.0
52097,0,6.0
52098,0,22.0
52099,1,28.0
52100,0,
52101,0,17.0
52102,0,35.0
52103,0,6.0
52104,1,6.0
52105,0,30.0
52106,0,8.0
52107,0,21.0
52108,1,8.0
52109,1,16.0
52110,0,16.0
52111,0,9.0
52112,1,8.0
52113,0,9.0
52114,0,32.0
52115,0,6.0
52116,0,6.0
52117,0,8.0
52118,0,15.0
52119,0,18.0
52120,0,8.0
52121,0,31.0
52122,1,
52123,0,16.0
52124,1,14.0
52125,1,
52126,0,30.0
52127,0,6.0
52128,0,26.0
52129,0,13.0
52130,0,23.0
52131,0,26.0
52132,0,14.0
52133,0,8.0
52134,0,16.0
52135,0,6.0
52136,0,11.0
52137,1,10.0
52138,0,35.0
52139,0,21.0
52140,0,9.0
52141,1,16.0
52142,1,10.0
52143,0,
52144,1,31.0
52145,0,8.0
52146,0,
52147,1,6.0
52148,0,13.0
52149,0,9.0
52150,0,6.0
52151,0,15.0
52152,0,5.0
52153,1,16.0
52154,0,
52155,0,9.0
52156,0,9.0
52157,0,8.0
52158,0,33.0
52159,0,8.0
52160,0,20.0
52161,1,6.0
52162,0,15.0
52163,0,24.0
52164,0,26.0
52165,0,8.0
52166,0,17.0
52167,0,14.0
52168,0,8.0
52169,0,16.0
52170,0,35.0
52171,1,14.0
52172,0,6.0
52173,1,12.0
52174,0,14.0
52175,1,15.0
52176,1,18.0
52177,0,
52178,0,31.0
52179,0,
52180,0,15.0
52181,0,14.0
52182,0,29.0
52183,0,15.0
52184,1,18.0
52185,0,10.0
52186,0,6.0
52187,0,30.0
52188,1,
52189,0,9.0
52190,0,16.0
52191,1,32.0
52192,0,8.0
52193,0,7.0
52194,0,
52195,0,15.0
52196,0,8.0
52197,0,10.0
52198,0,12.0
52199,0,
52200,1,13.0
52201,0,7.0
52202,0,5.0
52203,1,16.0
52204,0,13.0
52205,1,21.0
52206,1,9.0
52207,0,8.0
52208,0,23.0
52209,0,8.0
52210,0,11.0
52211,0,35.0
52212,0,8.0
52213,0,8.0
52214,0,25.0
52215,0,21.0
52216,1,23.0
52217,0,23.0
52218,0,31.0
52219,0,12.0
52220,0,13.0
52221,0,35.0
52222,0,27.0
52223,0,8.0
52224,0,8.0
52225,1,13.0
52226,0,19.0
52227,1,8.0
52228,1,7.0
52229,0,15.0
52230,0,16.0
52231,0,16.0
52232,1,7.0
52233,1,32.0
52234,1,14.0
52235,1,20.0
52236,0,7.0
52237,0,8.0
52238,1,16.0
52239,0,7.0
52240,0,9.0
52241,1,17.0
52242,0,30.0
52243,0,9.0
52244,0,9.0
52245,0,10.0
52246,0,9.0
52247,0,
52248,0,
52249,1,13.0
52250,0,7.0
52251,0,7.0
52252,0,
52253,0,11.0
52254,1,16.0
52255,1,31.0
52256,0,7.0
52257,1,30.0
52258,1,10.0
52259,1,8.0
52260,1,14.0
52261,0,
52262,0,10.0
52263,1,8.0
52264,1,15.0
52265,0,24.0
52266,0,25.0
52267,1,7.0
52268,0,10.0
52269,0,17.0
52270,1,12.0
52271,1,
52272,0,10.0
52273,1,8.0
52274,0,21.0
52275,1,8.0
52276,0,12.0
52277,1,15.0
52278,1,13.0
52279,0,7.0
52280,0,7.0
52281,0,14.0
52282,0,31.0
52283,1,19.0
52284,0,
52285,0,13.0
52286,0,29.0
52287,0,12.0
52288,0,16.0
52289,0,7.0
52290,0,7.0
52291,1,34.0
52292,1,31.0
52293,1,11.0
52294,1,23.0
52295,0,24.0
52296,1,8.0
52297,0,16.0
52298,1,7.0
52299,0,
52300,1,8.0
52301,0,8.0
52302,0,14.0
52303,0,22.0
52304,0,15.0
52305,0,8.0
52306,0,7.0
52307,1,10.0
52308,1,11.0
52309,0,8.0
52310,0,21.0
52311,0,25.0
52312,1,13.0
52313,0,
52314,0,13.0
52315,0,10.0
52316,0,
52317,0,17.0
52318,0,7.0
52319,0,7.0
52320,0,8.0
52321,1,19.0
52322,1,29.0
52323,0,32.0
52324,0,8.0
52325,0,35.0
52326,0,8.0
52327,1,24.0
52328,0,
52329,0,8.0
52330,0,32.0
52331,1,28.0
52332,1,27.0
52333,0,8.0
52334,1,28.0
52335,1,10.0
52336,0,11.0
52337,1,8.0
52338,0,31.0
52339,0,24.0
52340,1,34.0
52341,1,12.0
52342,1,16.0
52343,1,
52344,0,8.0
52345,0,16.0
52346,0,14.0
52347,0,17.0
52348,0,24.0
52349,0,7.0
52350,0,13.0
52351,0,23.0
52352,0,34.0
52353,1,20.0
52354,0,7.0
52355,1,7.0
52356,0,7.0
52357,1,9.0
52358,0,7.0
52359,0,13.0
52360,0,14.0
52361,0,7.0
52362,0,14.0
52363,0,17.0
52364,0,10.0
52365,0,22.0
52366,0,7.0
52367,0,15.0
52368,0,11.0
52369,0,7.0
52370,0,8.0
52371,1,10.0
52372,0,13.0
52373,0,7.0
52374,1,11.0
52375,0,15.0
52376,0,14.0
52377,0,15.0
52378,1,8.0
52379,0,7.0
52380,1,26.0
52381,0,14.0
52382,1,8.0
52383,1,35.0
52384,0,13.0
52385,0,15.0
52386,0,14.0
52387,0,11.0
52388,0,11.0
52389,0,8.0
52390,0,11.0
52391,0,
52392,0,26.0
52393,0,13.0
52394,0,9.0
52395,0,22.0
52396,0,15.0
52397,0,7.0
52398,0,13.0
52399,0,7.0
52400,0,13.0
52401,0,21.0
52402,0,7.0
52403,0,19.0
52404,1,30.0
52405,0,
52406,1,15.0
52407,0,19.0
52408,1,8.0
52409,0,25.0
52410,0,7.0
52411,1,10.0
52412,0,10.0
52413,1,20.0
52414,0,
52415,0,7.0
52416,0,13.0
52417,0,9.0
52418,0,8.0
52419,0,35.0
52420,1,14.0
52421,0,16.0
52422,0,17.0
52423,0,
52424,0,34.0
52425,0,12.0
52426,0,9.0
52427,0,22.0
52428,0,26.0
52429,0,15.0
52430,1,7.0
52431,0,9.0
52432,1,28.0
52433,1,13.0
52434,0,8.0
52435,0,19.0
52436,0,14.0
52437,0,31.0
52438,0,34.0
52439,1,8.0
52440,0,15.0
52441,1,34.0
52442,1,12.0
52443,0,27.0
52444,1,14.0
52445,0,7.0
52446,0,
52447,0,11.0
52448,1,
52449,0,22.0
52450,0,
52451,0,14.0
52452,0,7.0
52453,0,16.0
52454,0,
52455,0,35.0
52456,1,8.0
52457,0,8.0
52458,0,8.0
52459,0,7.0
52460,0,
52461,0,13.0
52462,0,32.0
52463,0,7.0
52464,0,9.0
52465,0,20.0
52466,0,22.0
52467,0,7.0
52468,1,9.0
52469,1,16.0
52470,0,12.0
52471,0,8.0
52472,1,15.0
52473,0,16.0
52474,1,12.0
52475,0,15.0
52476,0,34.0
52477,0,16.0
52478,0,20.0
52479,0,33.0
52480,0,13.0
52481,0,7.0
52482,1,
52483,1,32.0
52484,1,26.0
52485,0,11.0
52486,1,13.0
52487,0,13.0
52488,1,11.0
52489,0,32.0
52490,0,8.0
52491,1,18.0
52492,0,16.0
52493,0,31.0
52494,0,16.0
52495,0,25.0
52496,0,24.0
52497,0,33.0
52498,0,11.0
52499,1,9.0
52500,0,32.0
52501,0,9.0
52502,0,21.0
52503,0,14.0
52504,0,25.0
52505,0,10.0
52506,0,8.0
52507,1,8.0
52508,0,16.0
52509,0,16.0
52510,1,22.0
52511,1,7.0
52512,0,10.0
52513,1,21.0
52514,1,8.0
52515,0,14.0
52516,0,
52517,1,13.0
52518,0,16.0
52519,0,11.0
52520,0,8.0
52521,0,18.0
52522,0,28.0
52523,0,23.0
52524,0,8.0
52525,0,9.0
52526,0,13.0
52527,1,12.0
52528,0,7.0
52529,0,9.0
52530,0,28.0
52531,0,21.0
52532,1,18.0
52533,0,7.0
52534,1,11.0
52535,0,8.0
52536,0,8.0
52537,0,11.0
52538,1,
52539,0,
52540,0,8.0
52541,0,7.0
52542,1,29.0
52543,0,15.0
52544,1,22.0
52545,0,32.0
52546,1,7.0
52547,1,14.0
52548,0,10.0
52549,0,30.0
52550,1,
52551,0,8.0
52552,0,
52553,0,28.0
52554,0,11.0
52555,0,7.0
52556,0,27.0
52557,0,7.0
52558,0,25.0
52559,1,13.0
52560,1,8.0
52561,1,8.0
52562,1,8.0
52563,0,15.0
52564,0,12.0
52565,0,15.0
52566,0,8.0
52567,0,7.0
52568,0,28.0
52569,0,15.0
52570,0,23.0
52571,0,34.0
52572,0,16.0
52573,0,8.0
52574,0,10.0
52575,1,14.0
52576,0,35.0
52577,0,19.0
52578,0,33.0
52579,0,22.0
52580,0,8.0
52581,1,8.0
52582,1,19.0
52583,0,7.0
52584,0,10.0
52585,0,30.0
52586,1,7.0
52587,0,25.0
52588,0,13.0
52589,0,10.0
52590,0,8.0
52591,0,16.0
52592,0,14.0
52593,0,11.0
52594,0,14.0
52595,0,15.0
52596,1,7.0
52597,0,21.0
52598,1,8.0
52599,0,8.0
52600,0,17.0
52601,1,22.0
52602,0,
52603,0,22.0
52604,0,10.0
52605,0,22.0
52606,0,11.0
52607,1,24.0
52608,1,
52609,0,18.0
52610,0,8.0
52611,0,10.0
52612,0,15.0
52613,1,16.0
52614,1,7.0
52615,0,8.0
52616,0,9.0
52617,0,13.0
52618,0,12.0
52619,1,
52620,0,35.0
52621,0,9.0
52622,0,15.0
52623,1,8.0
52624,1,16.0
52625,1,
52626,0,14.0
52627,1,33.0
52628,0,14.0
52629,0,7.0
52630,0,16.0
52631,0,32.0
52632,0,8.0
52633,0,19.0
52634,0,8.0
52635,0,
52636,0,15.0
52637,0,16.0
52638,0,26.0
52639,0,
52640,0,11.0
52641,1,10.0
52642,0,16.0
52643,1,26.0
52644,0,27.0
52645,0,7.0
52646,0,14.0
52647,0,8.0
52648,0,29.0
52649,1,10.0
52650,0,18.0
52651,0,13.0
52652,0,13.0
52653,0,7.0
52654,1,8.0
52655,0,16.0
52656,1,21.0
52657,0,20.0
52658,0,24.0
52659,1,
52660,0,8.0
52661,1,8.0
52662,0,8.0
52663,1,
52664,0,26.0
52665,0,16.0
52666,0,16.0
52667,0,15.0
52668,0,8.0
52669,0,7.0
52670,0,35.0
52671,0,14.0
52672,1,8.0
52673,0,9.0
52674,0,29.0
52675,0,12.0
52676,0,12.0
52677,0,16.0
52678,1,
52679,0,16.0
52680,0,21.0
52681,0,25.0
52682,0,8.0
52683,0,9.0
52684,0,15.0
52685,1,
52686,1,16.0
52687,0,26.0
52688,1,10.0
52689,0,13.0
52690,1,13.0
52691,1,22.0
52692,0,31.0
52693,0,8.0
52694,0,7.0
52695,1,7.0
52696,0,8.0
52697,0,28.0
52698,0,7.0
52699,1,22.0
52700,0,
52701,0,23.0
52702,0,14.0
52703,0,12.0
52704,1,16.0
52705,1,9.0
52706,0,10.0
52707,0,
52708,0,7.0
52709,0,16.0
52710,1,7.0
52711,0,30.0
52712,0,27.0
52713,0,8.0
52714,1,28.0
52715,1,19.0
52716,0,20.0
52717,0,17.0
52718,0,15.0
52719,1,14.0
52720,1,27.0
52721,1,
52722,0,15.0
52723,0,8.0
52724,1,18.0
52725,0,28.0
52726,0,24.0
52727,0,22.0
52728,1,9.0
52729,0,15.0
52730,0,7.0
52731,0,19.0
52732,0,7.0
52733,0,7.0
52734,0,21.0
52735,0,7.0
52736,0,
52737,0,7.0
52738,1,13.0
52739,0,15.0
52740,0,11.0
52741,1,32.0
52742,1,30.0
52743,0,15.0
52744,0,13.0
52745,0,17.0
52746,1,7.0
52747,1,32.0
52748,1,8.0
52749,0,21.0
52750,0,29.0
52751,0,16.0
52752,1,16.0
52753,0,7.0
52754,0,
52755,0,17.0
52756,0,8.0
52757,0,8.0
52758,0,7.0
52759,1,8.0
52760,0,31.0
52761,0,7.0
52762,0,7.0
52763,0,8.0
52764,0,12.0
52765,1,24.0
52766,0,7.0
52767,0,7.0
52768,1,17.0
52769,0,7.0
52770,0,15.0
52771,1,21.0
52772,0,35.0
52773,0,
52774,0,7.0
52775,0,30.0
52776,0,16.0
52777,0,7.0
52778,1,16.0
52779,1,14.0
52780,0,35.0
52781,1,
52782,1,
52783,0,15.0
52784,0,15.0
52785,0,9.0
52786,0,10.0
52787,0,7.0
52788,1,7.0
52789,0,8.0
52790,0,
52791,0,34.0
52792,0,34.0
52793,0,21.0
52794,0,9.0
52795,0,
52796,1,32.0
52797,0,16.0
52798,0,7.0
52799,0,17.0
52800,0,26.0
52801,0,8.0
52802,1,24.0
52803,0,8.0
52804,0,7.0
52805,1,19.0
52806,0,34.0
52807,1,34.0
52808,0,30.0
52809,0,11.0
52810,0,11.0
52811,0,
52812,0,12.0
52813,1,10.0
52814,0,8.0
52815,0,14.0
52816,1,7.0
52817,1,9.0
52818,1,31.0
52819,0,16.0
52820,0,13.0
52821,1,23.0
52822,0,12.0
52823,1,7.0
52824,1,10.0
52825,0,32.0
52826,0,19.0
52827,1,7.0
52828,1,12.0
52829,1,16.0
52830,0,16.0
52831,1,13.0
52832,1,13.0
52833,1,12.0
52834,1,14.0
52835,1,21.0
52836,1,13.0
52837,0,30.0
52838,1,29.0
52839,1,27.0
52840,0,15.0
52841,0,16.0
52842,0,7.0
52843,1,13.0
52844,0,16.0
52845,0,15.0
52846,0,7.0
52847,0,14.0
52848,1,16.0
52849,0,11.0
52850,0,9.0
52851,0,26.0
52852,0,16.0
52853,0,28.0
52854,1,31.0
52855,1,10.0
52856,0,18.0
52857,0,21.0
52858,0,12.0
52859,0,7.0
52860,0,13.0
52861,1,24.0
52862,0,7.0
52863,0,10.0
52864,0,16.0
52865,1,11.0
52866,1,15.0
52867,0,9.0
52868,0,9.0
52869,0,7.0
52870,0,16.0
52871,1,19.0
52872,0,34.0
52873,1,27.0
52874,0,7.0
52875,0,20.0
52876,0,21.0
52877,0,11.0
52878,0,21.0
52879,0,9.0
52880,0,10.0
52881,0,7.0
52882,0,16.0
52883,1,30.0
52884,0,14.0
52885,0,9.0
52886,1,28.0
52887,0,9.0
52888,0,28.0
52889,0,9.0
52890,0,36.0
52891,0,7.0
52892,1,25.0
52893,1,17.0
52894,1,26.0
52895,1,36.0
52896,0,34.0
52897,1,12.0
52898,0,25.0
52899,0,16.0
52900,0,7.0
52901,0,11.0
52902,0,7.0
52903,0,27.0
52904,0,15.0
52905,1,10.0
52906,1,13.0
52907,0,33.0
52908,0,7.0
52909,0,13.0
52910,0,10.0
52911,0,12.0
52912,0,11.0
52913,1,18.0
52914,0,10.0
52915,0,7.0
52916,0,10.0
52917,0,11.0
52918,0,7.0
52919,0,7.0
52920,1,25.0
52921,0,9.0
52922,0,11.0
52923,0,13.0
52924,0,7.0
52925,1,21.0
52926,1,23.0
52927,0,9.0
52928,1,9.0
52929,0,11.0
52930,1,7.0
52931,0,7.0
52932,0,33.0
52933,0,26.0
52934,0,31.0
52935,0,7.0
52936,0,10.0
52937,0,12.0
52938,0,9.0
52939,0,7.0
52940,0,14.0
52941,0,17.0
52942,0,9.0
52943,0,22.0
52944,1,24.0
52945,0,27.0
52946,0,7.0
52947,1,9.0
52948,0,9.0
52949,0,7.0
52950,0,36.0
52951,0,14.0
52952,0,9.0
52953,0,9.0
52954,1,9.0
52955,0,9.0
52956,0,9.0
52957,0,30.0
52958,0,12.0
52959,1,27.0
52960,0,13.0
52961,1,7.0
52962,1,36.0
52963,0,16.0
52964,0,13.0
52965,0,10.0
52966,1,7.0
52967,0,29.0
52968,1,14.0
52969,0,7.0
52970,0,11.0
52971,1,10.0
52972,0,7.0
52973,0,9.0
52974,1,27.0
52975,1,18.0
52976,0,7.0
52977,1,31.0
52978,0,30.0
52979,1,23.0
52980,0,15.0
52981,1,17.0
52982,0,10.0
52983,0,12.0
52984,1,11.0
52985,1,16.0
52986,0,33.0
52987,0,10.0
52988,0,23.0
52989,0,25.0
52990,0,9.0
52991,0,9.0
52992,0,17.0
52993,0,23.0
52994,0,14.0
52995,0,7.0
52996,0,31.0
52997,0,14.0
52998,0,32.0
52999,1,7.0
53000,1,12.0
53001,0,9.0
53002,0,14.0
53003,1,9.0
53004,0,12.0
53005,1,17.0
53006,0,17.0
53007,1,7.0
53008,0,15.0
53009,1,12.0
53010,1,15.0
53011,1,9.0
53012,0,14.0
53013,0,9.0
53014,1,9.0
53015,0,35.0
53016,0,14.0
53017,0,6.0
53018,1,10.0
53019,0,17.0
53020,0,12.0
53021,0,17.0
53022,1,7.0
53023,0,27.0
53024,0,14.0
53025,0,15.0
53026,1,7.0
53027,1,15.0
53028,0,16.0
53029,0,12.0
53030,0,15.0
53031,0,12.0
53032,1,22.0
53033,1,14.0
53034,1,17.0
53035,0,12.0
53036,0,33.0
53037,1,13.0
53038,0,11.0
53039,0,30.0
53040,0,9.0
53041,1,9.0
53042,0,9.0
53043,0,36.0
53044,1,13.0
53045,1,32.0
53046,0,7.0
53047,0,9.0
53048,1,7.0
53049,0,7.0
53050,0,10.0
53051,0,7.0
53052,1,17.0
53053,0,16.0
53054,1,12.0
53055,0,17.0
53056,0,14.0
53057,0,11.0
53058,0,17.0
53059,1,29.0
53060,1,16.0
53061,0,19.0
53062,0,30.0
53063,0,16.0
53064,0,7.0
53065,0,16.0
53066,0,14.0
53067,0,21.0
53068,0,9.0
53069,1,26.0
53070,1,9.0
53071,1,17.0
53072,0,9.0
53073,0,10.0
53074,0,18.0
53075,0,9.0
53076,1,11.0
53077,0,21.0
53078,0,9.0
53079,0,7.0
53080,1,17.0
53081,0,19.0
53082,0,9.0
53083,0,12.0
53084,0,11.0
53085,0,14.0
53086,0,28.0
53087,1,15.0
53088,1,11.0
53089,1,32.0
53090,0,7.0
53091,1,7.0
53092,0,13.0
53093,0,19.0
53094,0,7.0
53095,0,24.0
53096,0,10.0
53097,1,10.0
53098,0,17.0
53099,0,11.0
53100,0,36.0
53101,0,9.0
53102,0,14.0
53103,0,25.0
53104,0,35.0
53105,1,7.0
53106,0,13.0
53107,1,9.0
53108,0,9.0
53109,0,30.0
53110,0,10.0
53111,0,10.0
53112,0,32.0
53113,0,9.0
53114,0,29.0
53115,0,36.0
53116,0,36.0
53117,0,9.0
53118,0,35.0
53119,0,9.0
53120,0,9.0
53121,0,29.0
53122,0,15.0
53123,0,9.0
53124,1,17.0
53125,0,16.0
53126,1,22.0
53127,0,17.0
53128,0,14.0
53129,1,23.0
53130,0,27.0
53131,1,30.0
53132,0,12.0
53133,0,17.0
53134,0,11.0
53135,0,9.0
53136,0,25.0
53137,0,17.0
53138,0,7.0
53139,0,13.0
53140,0,15.0
53141,1,9.0
53142,1,31.0
53143,0,9.0
53144,1,24.0
53145,0,26.0
53146,0,7.0
53147,0,14.0
53148,1,12.0
53149,0,35.0
53150,1,9.0
53151,0,36.0
53152,0,7.0
53153,0,28.0
53154,1,31.0
53155,0,7.0
53156,0,25.0
53157,0,9.0
53158,0,16.0
53159,1,13.0
53160,0,18.0
53161,0,31.0
53162,0,17.0
53163,0,7.0
53164,1,25.0
53165,1,30.0
53166,0,35.0
53167,0,24.0
53168,0,10.0
53169,0,20.0
53170,1,14.0
53171,0,19.0
53172,1,7.0
53173,0,20.0
53174,0,32.0
53175,0,13.0
53176,0,13.0
53177,1,9.0
53178,0,7.0
53179,0,9.0
53180,1,13.0
53181,0,7.0
53182,1,16.0
53183,0,7.0
53184,0,7.0
53185,1,21.0
53186,0,9.0
53187,0,29.0
53188,1,10.0
53189,0,13.0
53190,0,15.0
53191,1,16.0
53192,0,10.0
53193,0,7.0
53194,0,7.0
53195,0,33.0
53196,1,13.0
53197,0,10.0
53198,0,10.0
53199,0,13.0
53200,0,13.0
53201,0,26.0
53202,1,16.0
53203,0,10.0
53204,1,17.0
53205,1,10.0
53206,0,10.0
53207,0,11.0
53208,0,15.0
53209,0,14.0
53210,0,7.0
53211,0,9.0
53212,1,10.0
53213,0,17.0
53214,1,35.0
53215,0,16.0
53216,0,10.0
53217,0,9.0
53218,0,17.0
53219,1,15.0
53220,0,7.0
53221,0,7.0
53222,0,10.0
53223,0,21.0
53224,1,12.0
53225,0,14.0
53226,0,17.0
53227,0,23.0
53228,0,17.0
53229,0,7.0
53230,0,15.0
53231,1,7.0
53232,0,15.0
53233,1,7.0
53234,0,31.0
53235,1,10.0
53236,0,34.0
53237,0,17.0
53238,1,26.0
53239,0,22.0
53240,0,15.0
53241,0,16.0
53242,0,10.0
53243,0,16.0
53244,1,9.0
53245,0,14.0
53246,0,17.0
53247,0,13.0
53248,0,9.0
53249,0,31.0
53250,1,9.0
53251,0,15.0
53252,0,10.0
53253,1,7.0
53254,0,33.0
53255,0,9.0
53256,0,17.0
53257,1,34.0
53258,0,9.0
53259,1,9.0
53260,0,15.0
53261,0,26.0
53262,0,7.0
53263,0,34.0
53264,0,15.0
53265,0,7.0
53266,1,26.0
53267,0,6.0
53268,1,17.0
53269,1,9.0
53270,0,9.0
53271,0,15.0
53272,0,7.0
53273,0,9.0
53274,0,15.0
53275,0,15.0
53276,1,13.0
53277,0,16.0
53278,0,18.0
53279,0,9.0
53280,1,7.0
53281,0,14.0
53282,0,23.0
53283,1,9.0
53284,0,7.0
53285,0,30.0
53286,1,9.0
53287,0,7.0
53288,1,7.0
53289,0,9.0
53290,0,20.0
53291,0,11.0
53292,0,23.0
53293,1,9.0
53294,0,9.0
53295,0,36.0
53296,0,19.0
53297,0,23.0
53298,0,18.0
53299,0,9.0
53300,0,21.0
53301,1,12.0
53302,0,14.0
53303,1,9.0
53304,0,10.0
53305,1,12.0
53306,0,10.0
53307,0,33.0
53308,0,11.0
53309,0,9.0
53310,0,7.0
53311,0,34.0
53312,1,7.0
53313,0,20.0
53314,0,12.0
53315,1,14.0
53316,1,16.0
53317,0,15.0
53318,0,32.0
53319,0,23.0
53320,0,15.0
53321,0,7.0
53322,1,15.0
53323,1,9.0
53324,0,15.0
53325,1,10.0
53326,1,16.0
53327,1,32.0
53328,0,7.0
53329,0,11.0
53330,0,7.0
53331,0,11.0
53332,0,12.0
53333,0,16.0
53334,1,10.0
53335,1,18.0
53336,1,7.0
53337,0,15.0
53338,0,32.0
53339,0,28.0
53340,0,30.0
53341,0,7.0
53342,1,9.0
53343,1,26.0
53344,0,9.0
53345,0,9.0
53346,1,10.0
53347,1,32.0
53348,0,14.0
53349,1,16.0
53350,0,12.0
53351,1,9.0
53352,0,15.0
53353,0,9.0
53354,0,25.0
53355,1,21.0
53356,1,9.0
53357,1,10.0
53358,1,9.0
53359,0,16.0
53360,1,13.0
53361,0,11.0
53362,0,17.0
53363,0,21.0
53364,1,7.0
53365,1,12.0
53366,0,14.0
53367,1,28.0
53368,0,15.0
53369,0,27.0
53370,0,27.0
53371,0,14.0
53372,0,7.0
53373,0,7.0
53374,1,26.0
53375,0,17.0
53376,0,7.0
53377,1,13.0
53378,0,9.0
53379,1,28.0
53380,0,11.0
53381,1,19.0
53382,1,16.0
53383,0,10.0
53384,1,10.0
53385,0,7.0
53386,0,7.0
53387,0,11.0
53388,0,27.0
53389,0,25.0
53390,0,7.0
53391,0,9.0
53392,0,9.0
53393,0,15.0
53394,1,17.0
53395,0,10.0
53396,0,9.0
53397,1,31.0
53398,1,23.0
53399,0,15.0
53400,1,16.0
53401,0,24.0
53402,1,17.0
53403,0,20.0
53404,0,7.0
53405,0,7.0
53406,1,7.0
53407,0,16.0
53408,0,23.0
53409,1,30.0
53410,1,11.0
53411,1,29.0
53412,1,31.0
53413,0,17.0
53414,0,14.0
53415,0,24.0
53416,1,21.0
53417,0,7.0
53418,0,12.0
53419,0,24.0
53420,1,32.0
53421,1,15.0
53422,1,18.0
53423,0,12.0
53424,0,9.0
53425,0,15.0
53426,0,13.0
53427,0,11.0
53428,0,14.0
53429,0,7.0
53430,0,9.0
53431,0,17.0
53432,0,12.0
53433,0,16.0
53434,1,9.0
53435,0,18.0
53436,1,25.0
53437,0,14.0
53438,1,10.0
53439,0,36.0
53440,0,9.0
53441,1,35.0
53442,0,7.0
53443,0,23.0
53444,1,29.0
53445,0,15.0
53446,0,18.0
53447,0,36.0
53448,0,7.0
53449,1,7.0
53450,0,31.0
53451,0,9.0
53452,0,22.0
53453,1,9.0
53454,1,17.0
53455,0,17.0
53456,0,10.0
53457,1,9.0
53458,0,10.0
53459,0,33.0
53460,0,7.0
53461,0,7.0
53462,0,9.0
53463,0,16.0
53464,0,19.0
53465,0,9.0
53466,0,32.0
53467,1,16.0
53468,0,17.0
53469,1,15.0
53470,1,11.0
53471,0,31.0
53472,0,7.0
53473,0,27.0
53474,0,14.0
53475,0,24.0
53476,0,27.0
53477,0,15.0
53478,0,9.0
53479,0,17.0
53480,0,7.0
53481,0,12.0
53482,1,11.0
53483,0,36.0
53484,0,22.0
53485,0,10.0
53486,1,17.0
53487,1,11.0
53488,0,28.0
53489,1,32.0
53490,0,9.0
53491,0,5.0
53492,1,7.0
53493,0,14.0
53494,0,10.0
53495,0,7.0
53496,0,16.0
53497,0,14.0
53498,1,17.0
53499,0,35.0
53500,0,10.0
53501,0,10.0
53502,0,9.0
53503,0,34.0
53504,0,9.0
53505,0,21.0
53506,1,7.0
53507,0,16.0
53508,0,25.0
53509,0,27.0
53510,0,9.0
53511,0,18.0
53512,0,15.0
53513,0,9.0
53514,0,17.0
53515,0,36.0
53516,1,15.0
53517,0,7.0
53518,1,13.0
53519,0,15.0
53520,1,16.0
53521,1,19.0
53522,0,22.0
53523,0,32.0
53524,0,13.0
53525,0,16.0
53526,0,15.0
53527,0,30.0
53528,0,16.0
53529,1,19.0
53530,0,11.0
53531,0,7.0
53532,0,31.0
53533,1,19.0
53534,0,10.0
53535,0,17.0
53536,1,33.0
53537,0,9.0
53538,0,7.0
53539,0,11.0
53540,0,16.0
53541,0,9.0
53542,0,11.0
53543,0,13.0
53544,0,16.0
53545,1,14.0
53546,0,7.0
53547,0,10.0
53548,1,17.0
53549,0,14.0
53550,1,22.0
53551,1,10.0
53552,0,9.0
53553,0,24.0
53554,0,9.0
53555,0,12.0
53556,0,36.0
53557,0,9.0
53558,0,9.0
53559,0,26.0
53560,0,22.0
53561,1,24.0
53562,0,24.0
53563,0,32.0
53564,0,13.0
53565,0,14.0
53566,0,36.0
53567,0,28.0
53568,0,9.0
53569,0,9.0
53570,1,14.0
53571,0,20.0
53572,1,9.0
53573,1,7.0
53574,0,16.0
53575,0,17.0
53576,0,17.0
53577,1,7.0
53578,1,33.0
53579,1,15.0
53580,1,21.0
53581,0,7.0
53582,0,9.0
53583,1,17.0
53584,0,7.0
53585,0,10.0
53586,1,18.0
53587,0,31.0
53588,0,10.0
53589,0,10.0
53590,0,11.0
53591,0,10.0
53592,0,9.0
53593,0,11.0
53594,1,14.0
53595,0,7.0
53596,0,7.0
53597,0,27.0
53598,0,12.0
53599,1,17.0
53600,1,32.0
53601,0,7.0
53602,1,31.0
53603,1,11.0
53604,1,9.0
53605,1,15.0
53606,0,17.0
53607,0,11.0
53608,1,9.0
53609,1,16.0
53610,0,25.0
53611,0,26.0
53612,1,7.0
53613,0,11.0
53614,0,18.0
53615,1,13.0
53616,1,14.0
53617,0,11.0
53618,1,9.0
53619,0,22.0
53620,1,9.0
53621,0,13.0
53622,1,16.0
53623,1,14.0
53624,0,7.0
53625,0,7.0
53626,0,15.0
53627,0,32.0
53628,1,20.0
53629,0,30.0
53630,0,14.0
53631,0,30.0
53632,0,13.0
53633,0,17.0
53634,0,7.0
53635,0,7.0
53636,1,35.0
53637,1,32.0
53638,1,12.0
53639,1,24.0
53640,0,25.0
53641,1,9.0
53642,0,17.0
53643,1,7.0
53644,0,10.0
53645,1,9.0
53646,0,9.0
53647,0,15.0
53648,0,23.0
53649,0,16.0
53650,0,9.0
53651,0,7.0
53652,1,11.0
53653,1,12.0
53654,0,9.0
53655,0,22.0
53656,0,26.0
53657,1,14.0
53658,0,7.0
53659,0,14.0
53660,0,11.0
53661,0,18.0
53662,0,18.0
53663,0,7.0
53664,0,7.0
53665,0,9.0
53666,1,20.0
53667,1,30.0
53668,0,33.0
53669,0,9.0
53670,0,36.0
53671,0,9.0
53672,1,25.0
53673,0,14.0
53674,0,9.0
53675,0,33.0
53676,1,29.0
53677,1,28.0
53678,0,9.0
53679,1,29.0
53680,1,11.0
53681,0,12.0
53682,1,9.0
53683,0,32.0
53684,0,25.0
53685,1,35.0
53686,1,13.0
53687,1,17.0
53688,1,24.0
53689,0,9.0
53690,0,17.0
53691,0,15.0
53692,0,18.0
53693,0,25.0
53694,0,7.0
53695,0,14.0
53696,0,24.0
53697,0,35.0
53698,1,21.0
53699,0,7.0
53700,1,7.0
53701,0,7.0
53702,1,10.0
53703,0,7.0
53704,0,14.0
53705,0,15.0
53706,0,7.0
53707,0,15.0
53708,0,18.0
53709,0,11.0
53710,0,23.0
53711,0,7.0
53712,0,16.0
53713,0,12.0
53714,0,7.0
53715,0,9.0
53716,1,11.0
53717,0,14.0
53718,0,7.0
53719,1,12.0
53720,0,16.0
53721,0,15.0
53722,0,16.0
53723,1,9.0
53724,0,7.0
53725,1,27.0
53726,0,15.0
53727,1,9.0
53728,1,36.0
53729,0,14.0
53730,0,16.0
53731,0,15.0
53732,0,12.0
53733,0,12.0
53734,0,9.0
53735,0,12.0
53736,0,9.0
53737,0,27.0
53738,0,14.0
53739,0,10.0
53740,0,23.0
53741,0,16.0
53742,0,7.0
53743,0,14.0
53744,0,7.0
53745,0,14.0
53746,0,22.0
53747,0,7.0
53748,0,20.0
53749,1,31.0
53750,0,14.0
53751,1,16.0
53752,0,20.0
53753,1,9.0
53754,0,26.0
53755,0,7.0
53756,1,11.0
53757,0,11.0
53758,1,21.0
53759,0,9.0
53760,0,7.0
53761,0,14.0
53762,0,10.0
53763,0,9.0
53764,0,36.0
53765,1,15.0
53766,0,17.0
53767,0,18.0
53768,0,7.0
53769,0,35.0
53770,0,13.0
53771,0,10.0
53772,0,23.0
53773,0,27.0
53774,0,16.0
53775,1,7.0
53776,0,10.0
53777,1,29.0
53778,1,14.0
53779,0,9.0
53780,0,20.0
53781,0,15.0
53782,0,32.0
53783,0,35.0
53784,1,9.0
53785,0,16.0
53786,1,35.0
53787,1,13.0
53788,0,28.0
53789,1,15.0
53790,0,7.0
53791,0,7.0
53792,0,12.0
53793,1,9.0
53794,0,23.0
53795,0,16.0
53796,0,15.0
53797,0,7.0
53798,0,17.0
53799,0,7.0
53800,0,36.0
53801,1,9.0
53802,0,9.0
53803,0,9.0
53804,0,7.0
53805,0,22.0
53806,0,14.0
53807,0,33.0
53808,0,7.0
53809,0,10.0
53810,0,21.0
53811,0,23.0
53812,0,7.0
53813,1,10.0
53814,1,17.0
53815,0,13.0
53816,0,9.0
53817,1,6.0
53818,0,17.0
53819,1,13.0
53820,0,16.0
53821,0,35.0
53822,0,17.0
53823,0,21.0
53824,0,34.0
53825,0,14.0
53826,0,7.0
53827,1,31.0
53828,1,33.0
53829,1,27.0
53830,0,12.0
53831,1,14.0
53832,0,14.0
53833,1,12.0
53834,0,33.0
53835,0,9.0
53836,1,19.0
53837,0,17.0
53838,0,32.0
53839,0,17.0
53840,0,26.0
53841,0,25.0
53842,0,34.0
53843,0,12.0
53844,1,10.0
53845,0,33.0
53846,0,10.0
53847,0,22.0
53848,0,15.0
53849,0,26.0
53850,0,11.0
53851,0,9.0
53852,1,9.0
53853,0,17.0
53854,0,17.0
53855,1,23.0
53856,1,7.0
53857,0,11.0
53858,1,22.0
53859,1,9.0
53860,0,15.0
53861,0,9.0
53862,1,14.0
53863,0,17.0
53864,0,12.0
53865,0,9.0
53866,0,19.0
53867,0,29.0
53868,0,24.0
53869,0,9.0
53870,0,10.0
53871,0,14.0
53872,1,13.0
53873,0,7.0
53874,0,10.0
53875,0,29.0
53876,0,22.0
53877,1,19.0
53878,0,7.0
53879,1,12.0
53880,0,9.0
53881,0,9.0
53882,0,12.0
53883,1,23.0
53884,0,9.0
53885,0,9.0
53886,0,7.0
53887,1,30.0
53888,0,16.0
53889,1,23.0
53890,0,33.0
53891,1,7.0
53892,1,15.0
53893,0,11.0
53894,0,31.0
53895,1,14.0
53896,0,9.0
53897,0,14.0
53898,0,29.0
53899,0,12.0
53900,0,7.0
53901,0,28.0
53902,0,7.0
53903,0,26.0
53904,1,14.0
53905,1,9.0
53906,1,9.0
53907,1,9.0
53908,0,16.0
53909,0,13.0
53910,0,16.0
53911,0,9.0
53912,0,7.0
53913,0,29.0
53914,0,16.0
53915,0,24.0
53916,0,35.0
53917,0,17.0
53918,0,9.0
53919,0,11.0
53920,1,15.0
53921,0,36.0
53922,0,20.0
53923,0,34.0
53924,0,23.0
53925,0,9.0
53926,1,9.0
53927,1,20.0
53928,0,7.0
53929,0,11.0
53930,0,31.0
53931,1,7.0
53932,0,26.0
53933,0,14.0
53934,0,11.0
53935,0,9.0
53936,0,17.0
53937,0,15.0
53938,0,12.0
53939,0,15.0
53940,0,16.0
53941,1,7.0
53942,0,22.0
53943,1,9.0
53944,0,9.0
53945,0,18.0
53946,1,23.0
53947,0,9.0
53948,0,23.0
53949,0,11.0
53950,0,23.0
53951,0,12.0
53952,1,25.0
53953,1,24.0
53954,0,19.0
53955,0,9.0
53956,0,11.0
53957,0,16.0
53958,1,17.0
53959,1,7.0
53960,0,9.0
53961,0,10.0
53962,0,14.0
53963,0,13.0
53964,1,15.0
53965,0,36.0
53966,0,10.0
53967,0,16.0
53968,1,9.0
53969,1,17.0
53970,1,7.0
53971,0,15.0
53972,1,34.0
53973,0,15.0
53974,0,7.0
53975,0,17.0
53976,0,33.0
53977,0,9.0
53978,0,20.0
53979,0,9.0
53980,0,9.0
53981,0,16.0
53982,0,17.0
53983,0,27.0
53984,0,16.0
53985,0,12.0
53986,1,11.0
53987,0,17.0
53988,1,27.0
53989,0,28.0
53990,0,7.0
53991,0,15.0
53992,0,9.0
53993,0,30.0
53994,1,11.0
53995,0,19.0
53996,0,14.0
53997,0,14.0
53998,0,7.0
53999,1,9.0
54000,0,17.0
54001,1,22.0
54002,0,21.0
54003,0,25.0
54004,1,20.0
54005,0,9.0
54006,1,9.0
54007,0,9.0
54008,1,12.0
54009,0,27.0
54010,0,17.0
54011,0,17.0
54012,0,16.0
54013,0,9.0
54014,0,7.0
54015,0,36.0
54016,0,15.0
54017,1,9.0
54018,0,10.0
54019,0,30.0
54020,0,13.0
54021,0,13.0
54022,0,17.0
54023,1,31.0
54024,0,17.0
54025,0,22.0
54026,0,26.0
54027,0,9.0
54028,0,10.0
54029,0,16.0
54030,1,14.0
54031,1,17.0
54032,0,27.0
54033,1,11.0
54034,0,14.0
54035,1,14.0
54036,1,23.0
54037,0,32.0
54038,0,9.0
54039,0,7.0
54040,1,7.0
54041,0,9.0
54042,0,29.0
54043,0,7.0
54044,1,23.0
54045,0,31.0
54046,0,24.0
54047,0,15.0
54048,0,13.0
54049,1,17.0
54050,1,10.0
54051,0,11.0
54052,0,13.0
54053,0,7.0
54054,0,17.0
54055,1,7.0
54056,0,31.0
54057,0,28.0
54058,0,9.0
54059,1,29.0
54060,1,20.0
54061,0,21.0
54062,0,18.0
54063,0,16.0
54064,1,15.0
54065,1,28.0
54066,1,12.0
54067,0,16.0
54068,0,9.0
54069,1,19.0
54070,0,29.0
54071,0,25.0
54072,0,23.0
54073,1,10.0
54074,0,16.0
54075,0,7.0
54076,0,20.0
54077,0,7.0
54078,0,7.0
54079,0,22.0
54080,0,7.0
54081,0,24.0
54082,0,7.0
54083,1,14.0
54084,0,16.0
54085,0,12.0
54086,1,33.0
54087,1,31.0
54088,0,16.0
54089,0,14.0
54090,0,18.0
54091,1,7.0
54092,1,33.0
54093,1,9.0
54094,0,22.0
54095,0,30.0
54096,0,17.0
54097,1,17.0
54098,0,7.0
54099,0,19.0
54100,0,18.0
54101,0,9.0
54102,0,9.0
54103,0,7.0
54104,1,9.0
54105,0,32.0
54106,0,7.0
54107,0,7.0
54108,0,9.0
54109,0,13.0
54110,1,25.0
54111,0,7.0
54112,0,7.0
54113,1,18.0
54114,0,7.0
54115,0,16.0
54116,1,22.0
54117,0,36.0
54118,0,7.0
54119,0,7.0
54120,0,31.0
54121,0,17.0
54122,0,7.0
54123,1,17.0
54124,1,15.0
54125,0,127.0
54126,1,7.0
54127,1,12.0
54128,0,16.0
54129,0,16.0
54130,0,10.0
54131,0,11.0
54132,0,7.0
54133,1,7.0
54134,0,9.0
54135,0,14.0
54136,0,35.0
54137,0,35.0
54138,0,22.0
54139,0,10.0
54140,0,9.0
54141,1,33.0
54142,0,17.0
54143,0,7.0
54144,0,18.0
54145,0,27.0
54146,0,9.0
54147,1,25.0
54148,0,9.0
54149,0,7.0
54150,1,20.0
54151,0,35.0
54152,1,35.0
54153,0,31.0
54154,0,12.0
54155,0,12.0
54156,0,30.0
54157,0,13.0
54158,1,11.0
54159,0,9.0
54160,0,15.0
54161,1,7.0
54162,0,15.0
54163,1,9.0
54164,1,10.0
54165,0,9.0
54166,0,9.0
54167,1,10.0
54168,0,31.0
54169,0,30.0
54170,0,34.0
54171,0,23.0
54172,1,22.0
54173,0,33.0
54174,0,26.0
54175,1,31.0
54176,0,28.0
54177,1,12.0
54178,1,23.0
54179,0,9.0
54180,1,9.0
54181,0,18.0
54182,0,16.0
54183,0,14.0
54184,0,22.0
54185,0,13.0
54186,0,12.0
54187,1,23.0
54188,0,15.0
54189,0,14.0
54190,0,9.0
54191,0,9.0
54192,1,17.0
54193,0,16.0
54194,0,12.0
54195,1,7.0
54196,0,9.0
54197,1,10.0
54198,0,9.0
54199,1,12.0
54200,0,7.0
54201,0,11.0
54202,0,9.0
54203,0,32.0
54204,0,15.0
54205,0,7.0
54206,0,19.0
54207,0,30.0
54208,0,26.0
54209,1,12.0
54210,0,15.0
54211,1,7.0
54212,1,12.0
54213,1,7.0
54214,1,18.0
54215,1,30.0
54216,1,30.0
54217,0,6.0
54218,1,30.0
54219,0,14.0
54220,0,7.0
54221,1,7.0
54222,0,36.0
54223,1,14.0
54224,0,32.0
54225,0,15.0
54226,1,15.0
54227,0,18.0
54228,0,14.0
54229,0,7.0
54230,1,16.0
54231,0,7.0
54232,0,9.0
54233,0,7.0
54234,0,7.0
54235,0,13.0
54236,0,15.0
54237,0,7.0
54238,1,13.0
54239,0,14.0
54240,1,12.0
54241,1,7.0
54242,0,7.0
54243,0,7.0
54244,1,13.0
54245,0,7.0
54246,0,14.0
54247,0,9.0
54248,0,16.0
54249,0,9.0
54250,0,16.0
54251,0,7.0
54252,1,28.0
54253,1,11.0
54254,1,7.0
54255,0,13.0
54256,0,9.0
54257,0,10.0
54258,0,11.0
54259,0,17.0
54260,0,30.0
54261,1,13.0
54262,0,7.0
54263,1,13.0
54264,0,13.0
54265,0,9.0
54266,0,9.0
54267,1,7.0
54268,1,12.0
54269,0,14.0
54270,0,22.0
54271,0,7.0
54272,1,14.0
54273,1,33.0
54274,0,25.0
54275,0,13.0
54276,0,10.0
54277,0,12.0
54278,0,18.0
54279,0,10.0
54280,1,33.0
54281,0,30.0
54282,0,29.0
54283,1,21.0
54284,0,13.0
54285,1,13.0
54286,0,13.0
54287,0,30.0
54288,1,29.0
54289,0,9.0
54290,0,27.0
54291,0,35.0
54292,0,19.0
54293,1,27.0
54294,1,16.0
54295,0,32.0
54296,0,13.0
54297,0,15.0
54298,0,11.0
54299,0,35.0
54300,1,16.0
54301,0,16.0
54302,0,36.0
54303,1,10.0
54304,0,25.0
54305,0,16.0
54306,0,12.0
54307,0,9.0
54308,0,17.0
54309,0,16.0
54310,0,10.0
54311,0,33.0
54312,0,7.0
54313,1,13.0
54314,0,16.0
54315,0,15.0
54316,0,7.0
54317,0,14.0
54318,1,16.0
54319,0,11.0
54320,0,9.0
54321,0,26.0
54322,0,16.0
54323,0,28.0
54324,1,31.0
54325,1,10.0
54326,0,18.0
54327,0,21.0
54328,0,12.0
54329,0,7.0
54330,0,13.0
54331,1,24.0
54332,0,7.0
54333,0,10.0
54334,0,16.0
54335,1,11.0
54336,1,15.0
54337,0,9.0
54338,0,9.0
54339,0,7.0
54340,0,16.0
54341,1,19.0
54342,0,34.0
54343,1,27.0
54344,0,7.0
54345,0,20.0
54346,0,21.0
54347,0,11.0
54348,0,21.0
54349,0,9.0
54350,0,10.0
54351,0,7.0
54352,0,16.0
54353,1,30.0
54354,0,14.0
54355,0,9.0
54356,1,28.0
54357,0,9.0
54358,0,28.0
54359,0,9.0
54360,0,36.0
54361,0,7.0
54362,1,25.0
54363,1,17.0
54364,1,26.0
54365,1,36.0
54366,0,34.0
54367,1,12.0
54368,0,25.0
54369,0,16.0
54370,0,7.0
54371,0,11.0
54372,0,7.0
54373,0,27.0
54374,0,15.0
54375,1,10.0
54376,1,13.0
54377,0,33.0
54378,0,7.0
54379,0,13.0
54380,0,10.0
54381,0,12.0
54382,0,11.0
54383,1,18.0
54384,0,10.0
54385,0,7.0
54386,0,10.0
54387,0,11.0
54388,0,7.0
54389,0,7.0
54390,1,25.0
54391,0,9.0
54392,0,11.0
54393,0,13.0
54394,0,7.0
54395,1,21.0
54396,1,23.0
54397,0,9.0
54398,1,9.0
54399,0,11.0
54400,1,7.0
54401,0,7.0
54402,0,33.0
54403,0,26.0
54404,0,31.0
54405,0,7.0
54406,0,10.0
54407,0,12.0
54408,0,9.0
54409,0,7.0
54410,0,14.0
54411,0,17.0
54412,0,9.0
54413,0,22.0
54414,1,24.0
54415,0,27.0
54416,0,7.0
54417,1,9.0
54418,0,9.0
54419,0,7.0
54420,0,36.0
54421,0,14.0
54422,0,9.0
54423,0,9.0
54424,1,9.0
54425,0,9.0
54426,0,9.0
54427,0,30.0
54428,0,12.0
54429,1,27.0
54430,0,13.0
54431,1,7.0
54432,1,36.0
54433,0,16.0
54434,0,13.0
54435,0,10.0
54436,1,7.0
54437,0,29.0
54438,1,14.0
54439,0,7.0
54440,0,11.0
54441,1,10.0
54442,0,7.0
54443,0,9.0
54444,1,27.0
54445,1,18.0
54446,0,7.0
54447,1,31.0
54448,0,30.0
54449,1,23.0
54450,0,15.0
54451,1,17.0
54452,0,10.0
54453,0,12.0
54454,1,11.0
54455,1,16.0
54456,0,33.0
54457,0,10.0
54458,0,23.0
54459,0,25.0
54460,0,9.0
54461,0,9.0
54462,0,17.0
54463,0,23.0
54464,0,14.0
54465,0,7.0
54466,0,31.0
54467,0,14.0
54468,0,32.0
54469,1,7.0
54470,1,12.0
54471,0,9.0
54472,0,14.0
54473,1,9.0
54474,0,12.0
54475,1,17.0
54476,0,17.0
54477,1,7.0
54478,0,15.0
54479,1,12.0
54480,1,15.0
54481,1,9.0
54482,0,14.0
54483,0,9.0
54484,1,9.0
54485,0,35.0
54486,0,14.0
54487,0,14.0
54488,1,10.0
54489,0,17.0
54490,0,12.0
54491,0,17.0
54492,1,7.0
54493,0,27.0
54494,0,14.0
54495,0,15.0
54496,1,7.0
54497,1,15.0
54498,0,16.0
54499,0,12.0
54500,0,15.0
54501,0,12.0
54502,1,22.0
54503,1,14.0
54504,1,17.0
54505,0,12.0
54506,0,33.0
54507,1,13.0
54508,0,11.0
54509,0,30.0
54510,0,9.0
54511,1,9.0
54512,0,9.0
54513,0,36.0
54514,1,13.0
54515,1,32.0
54516,0,7.0
54517,0,9.0
54518,1,7.0
54519,0,7.0
54520,0,10.0
54521,0,7.0
54522,1,17.0
54523,0,16.0
54524,1,12.0
54525,0,17.0
54526,0,14.0
54527,0,11.0
54528,0,17.0
54529,1,29.0
54530,1,16.0
54531,0,19.0
54532,0,30.0
54533,0,16.0
54534,0,7.0
54535,0,16.0
54536,0,14.0
54537,0,21.0
54538,0,9.0
54539,1,26.0
54540,1,9.0
54541,1,17.0
54542,0,9.0
54543,0,10.0
54544,0,18.0
54545,0,9.0
54546,1,11.0
54547,0,21.0
54548,0,9.0
54549,0,7.0
54550,1,17.0
54551,0,19.0
54552,0,9.0
54553,0,12.0
54554,0,11.0
54555,0,14.0
54556,0,28.0
54557,1,15.0
54558,1,11.0
54559,1,32.0
54560,0,7.0
54561,1,7.0
54562,0,13.0
54563,0,19.0
54564,0,7.0
54565,0,24.0
54566,0,10.0
54567,1,10.0
54568,0,17.0
54569,0,11.0
54570,0,36.0
54571,0,9.0
54572,0,14.0
54573,0,25.0
54574,0,35.0
54575,1,7.0
54576,0,13.0
54577,1,9.0
54578,0,9.0
54579,0,30.0
54580,0,10.0
54581,0,10.0
54582,0,32.0
54583,0,9.0
54584,0,29.0
54585,0,36.0
54586,0,36.0
54587,0,9.0
54588,0,35.0
54589,0,9.0
54590,0,9.0
54591,0,29.0
54592,0,6.0
54593,0,9.0
54594,1,17.0
54595,0,16.0
54596,1,22.0
54597,0,17.0
54598,0,14.0
54599,1,23.0
54600,0,27.0
54601,1,30.0
54602,0,12.0
54603,0,17.0
54604,0,11.0
54605,0,9.0
54606,0,25.0
54607,0,17.0
54608,0,7.0
54609,0,13.0
54610,0,15.0
54611,1,9.0
54612,1,31.0
54613,0,9.0
54614,1,24.0
54615,0,26.0
54616,0,7.0
54617,0,14.0
54618,1,12.0
54619,0,35.0
54620,1,9.0
54621,0,36.0
54622,0,7.0
54623,0,28.0
54624,1,31.0
54625,0,7.0
54626,0,25.0
54627,0,9.0
54628,0,16.0
54629,1,13.0
54630,0,18.0
54631,0,31.0
54632,0,17.0
54633,0,7.0
54634,1,25.0
54635,1,30.0
54636,0,35.0
54637,0,24.0
54638,0,10.0
54639,0,20.0
54640,1,14.0
54641,0,19.0
54642,1,7.0
54643,0,20.0
54644,0,32.0
54645,0,13.0
54646,0,13.0
54647,1,9.0
54648,0,7.0
54649,0,9.0
54650,1,13.0
54651,0,7.0
54652,1,16.0
54653,0,7.0
54654,0,7.0
54655,1,21.0
54656,0,9.0
54657,0,29.0
54658,1,10.0
54659,0,13.0
54660,0,15.0
54661,1,16.0
54662,0,10.0
54663,0,7.0
54664,0,7.0
54665,0,33.0
54666,1,13.0
54667,0,10.0
54668,0,10.0
54669,0,13.0
54670,0,13.0
54671,0,26.0
54672,1,16.0
54673,0,10.0
54674,1,17.0
54675,1,10.0
54676,0,10.0
54677,0,11.0
54678,0,15.0
54679,0,14.0
54680,0,7.0
54681,0,9.0
54682,1,10.0
54683,0,17.0
54684,1,35.0
54685,0,16.0
54686,0,10.0
54687,0,9.0
54688,0,17.0
54689,1,15.0
54690,0,7.0
54691,0,7.0
54692,0,10.0
54693,0,21.0
54694,1,12.0
54695,0,14.0
54696,0,17.0
54697,0,23.0
54698,0,17.0
54699,0,7.0
54700,0,15.0
54701,1,7.0
54702,0,15.0
54703,1,7.0
54704,0,31.0
54705,1,10.0
54706,0,34.0
54707,0,17.0
54708,1,26.0
54709,0,22.0
54710,0,15.0
54711,0,16.0
54712,0,10.0
54713,0,16.0
54714,1,9.0
54715,0,14.0
54716,0,17.0
54717,0,13.0
54718,0,9.0
54719,0,31.0
54720,1,9.0
54721,0,15.0
54722,0,10.0
54723,1,7.0
54724,0,33.0
54725,0,9.0
54726,0,17.0
54727,1,34.0
54728,0,9.0
54729,1,9.0
54730,0,15.0
54731,0,26.0
54732,0,7.0
54733,0,34.0
54734,0,15.0
54735,0,7.0
54736,1,26.0
54737,0,15.0
54738,1,17.0
54739,1,9.0
54740,0,9.0
54741,0,15.0
54742,0,7.0
54743,0,9.0
54744,0,15.0
54745,0,15.0
54746,1,13.0
54747,0,16.0
54748,0,18.0
54749,0,9.0
54750,1,7.0
54751,0,14.0
54752,0,23.0
54753,1,9.0
54754,0,7.0
54755,0,30.0
54756,1,9.0
54757,0,7.0
54758,1,7.0
54759,0,9.0
54760,0,20.0
54761,0,11.0
54762,0,23.0
54763,1,9.0
54764,0,9.0
54765,0,36.0
54766,0,19.0
54767,0,23.0
54768,0,18.0
54769,0,9.0
54770,0,21.0
54771,1,12.0
54772,0,14.0
54773,1,9.0
54774,0,10.0
54775,1,12.0
54776,0,10.0
54777,0,33.0
54778,0,11.0
54779,0,9.0
54780,0,7.0
54781,0,34.0
54782,1,7.0
54783,0,20.0
54784,0,12.0
54785,1,14.0
54786,1,16.0
54787,0,15.0
54788,0,32.0
54789,0,23.0
54790,0,15.0
54791,0,7.0
54792,1,15.0
54793,1,9.0
54794,0,15.0
54795,1,10.0
54796,1,16.0
54797,1,32.0
54798,0,7.0
54799,0,11.0
54800,0,7.0
54801,0,11.0
54802,0,12.0
54803,0,16.0
54804,1,10.0
54805,1,18.0
54806,1,7.0
54807,0,15.0
54808,0,32.0
54809,0,28.0
54810,0,30.0
54811,0,7.0
54812,1,9.0
54813,1,26.0
54814,0,9.0
54815,0,9.0
54816,1,10.0
54817,1,32.0
54818,0,14.0
54819,1,16.0
54820,0,12.0
54821,1,9.0
54822,0,15.0
54823,0,9.0
54824,0,25.0
54825,1,21.0
54826,1,9.0
54827,1,10.0
54828,1,9.0
54829,0,16.0
54830,1,13.0
54831,0,11.0
54832,0,17.0
54833,0,21.0
54834,1,7.0
54835,1,12.0
54836,0,14.0
54837,1,28.0
54838,0,15.0
54839,0,27.0
54840,0,27.0
54841,0,14.0
54842,0,7.0
54843,0,7.0
54844,1,26.0
54845,0,17.0
54846,0,7.0
54847,1,13.0
54848,0,9.0
54849,1,28.0
54850,0,11.0
54851,1,19.0
54852,1,16.0
54853,0,10.0
54854,1,10.0
54855,0,7.0
54856,0,7.0
54857,0,11.0
54858,0,27.0
54859,0,25.0
54860,0,7.0
54861,0,9.0
54862,0,9.0
54863,0,15.0
54864,1,17.0
54865,0,10.0
54866,0,9.0
54867,1,31.0
54868,1,23.0
54869,0,15.0
54870,1,16.0
54871,0,24.0
54872,1,17.0
54873,0,20.0
54874,0,7.0
54875,0,7.0
54876,1,7.0
54877,0,16.0
54878,0,23.0
54879,1,30.0
54880,1,11.0
54881,1,29.0
54882,1,31.0
54883,0,17.0
54884,0,14.0
54885,0,24.0
54886,1,21.0
54887,0,7.0
54888,0,12.0
54889,0,24.0
54890,1,32.0
54891,1,15.0
54892,1,18.0
54893,0,12.0
54894,0,9.0
54895,0,15.0
54896,0,13.0
54897,0,11.0
54898,0,14.0
54899,0,7.0
54900,0,9.0
54901,0,17.0
54902,0,12.0
54903,0,16.0
54904,1,9.0
54905,0,18.0
54906,1,25.0
54907,0,14.0
54908,1,10.0
54909,0,36.0
54910,0,9.0
54911,1,35.0
54912,0,7.0
54913,0,23.0
54914,1,29.0
54915,0,15.0
54916,0,18.0
54917,0,36.0
54918,0,7.0
54919,1,7.0
54920,0,31.0
54921,0,9.0
54922,0,22.0
54923,1,9.0
54924,1,17.0
54925,0,17.0
54926,0,10.0
54927,1,9.0
54928,0,10.0
54929,0,33.0
54930,0,7.0
54931,0,7.0
54932,0,9.0
54933,0,16.0
54934,0,19.0
54935,0,9.0
54936,0,32.0
54937,1,16.0
54938,0,17.0
54939,1,15.0
54940,1,11.0
54941,0,31.0
54942,0,7.0
54943,0,27.0
54944,0,14.0
54945,0,24.0
54946,0,27.0
54947,0,15.0
54948,0,9.0
54949,0,17.0
54950,0,7.0
54951,0,12.0
54952,1,11.0
54953,0,36.0
54954,0,22.0
54955,0,10.0
54956,1,17.0
54957,1,11.0
54958,0,28.0
54959,1,32.0
54960,0,9.0
54961,0,7.0
54962,1,7.0
54963,0,14.0
54964,0,10.0
54965,0,7.0
54966,0,16.0
54967,0,6.0
54968,1,17.0
54969,0,35.0
54970,0,10.0
54971,0,10.0
54972,0,9.0
54973,0,34.0
54974,0,9.0
54975,0,21.0
54976,1,7.0
54977,0,16.0
54978,0,25.0
54979,0,27.0
54980,0,9.0
54981,0,18.0
54982,0,15.0
54983,0,9.0
54984,0,17.0
54985,0,36.0
54986,1,15.0
54987,0,7.0
54988,1,13.0
54989,0,15.0
54990,1,16.0
54991,1,19.0
54992,0,22.0
54993,0,32.0
54994,0,13.0
54995,0,16.0
54996,0,15.0
54997,0,30.0
54998,0,16.0
54999,1,19.0
55000,0,11.0
55001,0,7.0
55002,0,31.0
55003,1,19.0
55004,0,10.0
55005,0,17.0
55006,1,33.0
55007,0,9.0
55008,0,8.0
55009,0,11.0
55010,0,16.0
55011,0,9.0
55012,0,11.0
55013,0,13.0
55014,0,16.0
55015,1,14.0
55016,0,8.0
55017,0,6.0
55018,1,17.0
55019,0,14.0
55020,1,22.0
55021,1,10.0
55022,0,9.0
55023,0,24.0
55024,0,9.0
55025,0,12.0
55026,0,36.0
55027,0,9.0
55028,0,9.0
55029,0,26.0
55030,0,22.0
55031,1,24.0
55032,0,24.0
55033,0,32.0
55034,0,13.0
55035,0,14.0
55036,0,36.0
55037,0,28.0
55038,0,9.0
55039,0,9.0
55040,1,14.0
55041,0,20.0
55042,1,9.0
55043,1,8.0
55044,0,16.0
55045,0,17.0
55046,0,17.0
55047,1,8.0
55048,1,33.0
55049,1,15.0
55050,1,21.0
55051,0,8.0
55052,0,9.0
55053,1,17.0
55054,0,8.0
55055,0,10.0
55056,1,18.0
55057,0,31.0
55058,0,10.0
55059,0,10.0
55060,0,11.0
55061,0,10.0
55062,0,9.0
55063,0,11.0
55064,1,14.0
55065,0,8.0
55066,0,8.0
55067,0,27.0
55068,0,12.0
55069,1,17.0
55070,1,32.0
55071,0,8.0
55072,1,31.0
55073,1,11.0
55074,1,9.0
55075,1,15.0
55076,0,17.0
55077,0,11.0
55078,1,9.0
55079,1,16.0
55080,0,25.0
55081,0,26.0
55082,1,8.0
55083,0,11.0
55084,0,18.0
55085,1,13.0
55086,1,14.0
55087,0,11.0
55088,1,9.0
55089,0,22.0
55090,1,9.0
55091,0,13.0
55092,1,16.0
55093,1,14.0
55094,0,8.0
55095,0,8.0
55096,0,15.0
55097,0,32.0
55098,1,20.0
55099,0,30.0
55100,0,14.0
55101,0,30.0
55102,0,13.0
55103,0,17.0
55104,0,8.0
55105,0,8.0
55106,1,35.0
55107,1,32.0
55108,1,12.0
55109,1,24.0
55110,0,25.0
55111,1,9.0
55112,0,17.0
55113,1,8.0
55114,0,10.0
55115,1,9.0
55116,0,9.0
55117,0,15.0
55118,0,23.0
55119,0,16.0
55120,0,9.0
55121,0,8.0
55122,1,11.0
55123,1,12.0
55124,0,9.0
55125,0,22.0
55126,0,26.0
55127,1,14.0
55128,0,8.0
55129,0,14.0
55130,0,11.0
55131,0,18.0
55132,0,18.0
55133,0,8.0
55134,0,8.0
55135,0,9.0
55136,1,20.0
55137,1,30.0
55138,0,33.0
55139,0,9.0
55140,0,36.0
55141,0,9.0
55142,1,25.0
55143,0,14.0
55144,0,9.0
55145,0,33.0
55146,1,29.0
55147,1,28.0
55148,0,9.0
55149,1,29.0
55150,1,11.0
55151,0,12.0
55152,1,9.0
55153,0,32.0
55154,0,25.0
55155,1,35.0
55156,1,13.0
55157,1,17.0
55158,1,24.0
55159,0,9.0
55160,0,17.0
55161,0,15.0
55162,0,18.0
55163,0,25.0
55164,0,8.0
55165,0,14.0
55166,0,24.0
55167,0,35.0
55168,1,21.0
55169,0,8.0
55170,1,8.0
55171,0,8.0
55172,1,10.0
55173,0,8.0
55174,0,14.0
55175,0,15.0
55176,0,8.0
55177,0,15.0
55178,0,18.0
55179,0,11.0
55180,0,23.0
55181,0,8.0
55182,0,16.0
55183,0,12.0
55184,0,8.0
55185,0,9.0
55186,1,11.0
55187,0,14.0
55188,0,8.0
55189,1,12.0
55190,0,16.0
55191,0,15.0
55192,0,16.0
55193,1,9.0
55194,0,8.0
55195,1,27.0
55196,0,15.0
55197,1,9.0
55198,1,36.0
55199,0,14.0
55200,0,16.0
55201,0,15.0
55202,0,12.0
55203,0,12.0
55204,0,9.0
55205,0,12.0
55206,0,9.0
55207,0,27.0
55208,0,14.0
55209,0,10.0
55210,0,23.0
55211,0,16.0
55212,0,8.0
55213,0,14.0
55214,0,8.0
55215,0,14.0
55216,0,22.0
55217,0,8.0
55218,0,20.0
55219,1,31.0
55220,0,14.0
55221,1,16.0
55222,0,20.0
55223,1,9.0
55224,0,26.0
55225,0,8.0
55226,1,11.0
55227,0,11.0
55228,1,21.0
55229,0,9.0
55230,0,8.0
55231,0,14.0
55232,0,10.0
55233,0,9.0
55234,0,36.0
55235,1,15.0
55236,0,17.0
55237,0,18.0
55238,0,8.0
55239,0,35.0
55240,0,13.0
55241,0,10.0
55242,0,23.0
55243,0,27.0
55244,0,16.0
55245,1,8.0
55246,0,10.0
55247,1,29.0
55248,1,14.0
55249,0,9.0
55250,0,20.0
55251,0,15.0
55252,0,32.0
55253,0,35.0
55254,1,9.0
55255,0,16.0
55256,1,35.0
55257,1,13.0
55258,0,28.0
55259,1,15.0
55260,0,8.0
55261,0,35.0
55262,0,12.0
55263,1,9.0
55264,0,23.0
55265,0,16.0
55266,0,15.0
55267,0,8.0
55268,0,17.0
55269,0,8.0
55270,0,36.0
55271,1,9.0
55272,0,9.0
55273,0,9.0
55274,0,8.0
55275,0,22.0
55276,0,14.0
55277,0,33.0
55278,0,8.0
55279,0,10.0
55280,0,21.0
55281,0,23.0
55282,0,8.0
55283,1,10.0
55284,1,17.0
55285,0,13.0
55286,0,9.0
55287,1,16.0
55288,0,17.0
55289,1,13.0
55290,0,16.0
55291,0,35.0
55292,0,17.0
55293,0,21.0
55294,0,34.0
55295,0,14.0
55296,0,8.0
55297,1,31.0
55298,1,33.0
55299,1,27.0
55300,0,12.0
55301,1,14.0
55302,0,14.0
55303,1,12.0
55304,0,33.0
55305,0,9.0
55306,1,19.0
55307,0,17.0
55308,0,32.0
55309,0,17.0
55310,0,26.0
55311,0,25.0
55312,0,34.0
55313,0,12.0
55314,1,10.0
55315,0,33.0
55316,0,10.0
55317,0,22.0
55318,0,15.0
55319,0,26.0
55320,0,11.0
55321,0,9.0
55322,1,9.0
55323,0,17.0
55324,0,17.0
55325,1,23.0
55326,1,8.0
55327,0,11.0
55328,1,22.0
55329,1,9.0
55330,0,15.0
55331,0,9.0
55332,1,14.0
55333,0,17.0
55334,0,12.0
55335,0,9.0
55336,0,19.0
55337,0,29.0
55338,0,24.0
55339,0,9.0
55340,0,10.0
55341,0,14.0
55342,1,13.0
55343,0,8.0
55344,0,10.0
55345,0,29.0
55346,0,22.0
55347,1,19.0
55348,0,8.0
55349,1,12.0
55350,0,9.0
55351,0,9.0
55352,0,12.0
55353,1,23.0
55354,0,9.0
55355,0,9.0
55356,0,8.0
55357,1,30.0
55358,0,16.0
55359,1,23.0
55360,0,33.0
55361,1,8.0
55362,1,15.0
55363,0,11.0
55364,0,31.0
55365,1,14.0
55366,0,9.0
55367,0,14.0
55368,0,29.0
55369,0,12.0
55370,0,8.0
55371,0,28.0
55372,0,8.0
55373,0,26.0
55374,1,14.0
55375,1,9.0
55376,1,9.0
55377,1,9.0
55378,0,16.0
55379,0,13.0
55380,0,16.0
55381,0,9.0
55382,0,8.0
55383,0,29.0
55384,0,16.0
55385,0,24.0
55386,0,35.0
55387,0,17.0
55388,0,9.0
55389,0,11.0
55390,1,15.0
55391,0,36.0
55392,0,20.0
55393,0,34.0
55394,0,23.0
55395,0,9.0
55396,1,9.0
55397,1,20.0
55398,0,8.0
55399,0,11.0
55400,0,31.0
55401,1,8.0
55402,0,26.0
55403,0,14.0
55404,0,11.0
55405,0,9.0
55406,0,17.0
55407,0,15.0
55408,0,12.0
55409,0,15.0
55410,0,16.0
55411,1,8.0
55412,0,22.0
55413,1,9.0
55414,0,9.0
55415,0,18.0
55416,1,23.0
55417,0,9.0
55418,0,23.0
55419,0,11.0
55420,0,23.0
55421,0,12.0
55422,1,25.0
55423,1,24.0
55424,0,19.0
55425,0,9.0
55426,0,11.0
55427,0,16.0
55428,1,17.0
55429,1,8.0
55430,0,9.0
55431,0,10.0
55432,0,14.0
55433,0,13.0
55434,1,15.0
55435,0,36.0
55436,0,10.0
55437,0,16.0
55438,1,9.0
55439,1,17.0
55440,1,8.0
55441,0,15.0
55442,1,34.0
55443,0,15.0
55444,0,8.0
55445,0,17.0
55446,0,33.0
55447,0,9.0
55448,0,20.0
55449,0,9.0
55450,0,9.0
55451,0,16.0
55452,0,17.0
55453,0,27.0
55454,0,16.0
55455,0,12.0
55456,1,11.0
55457,0,17.0
55458,1,27.0
55459,0,28.0
55460,0,8.0
55461,0,15.0
55462,0,9.0
55463,0,30.0
55464,1,11.0
55465,0,19.0
55466,0,14.0
55467,0,14.0
55468,0,8.0
55469,1,9.0
55470,0,17.0
55471,1,22.0
55472,0,21.0
55473,0,25.0
55474,1,20.0
55475,0,9.0
55476,1,9.0
55477,0,9.0
55478,1,12.0
55479,0,27.0
55480,0,17.0
55481,0,17.0
55482,0,16.0
55483,0,9.0
55484,0,8.0
55485,0,36.0
55486,0,15.0
55487,1,9.0
55488,0,10.0
55489,0,30.0
55490,0,13.0
55491,0,13.0
55492,0,17.0
55493,1,31.0
55494,0,17.0
55495,0,22.0
55496,0,26.0
55497,0,9.0
55498,0,10.0
55499,0,16.0
55500,1,14.0
55501,1,17.0
55502,0,27.0
55503,1,11.0
55504,0,14.0
55505,1,14.0
55506,1,23.0
55507,0,32.0
55508,0,9.0
55509,0,8.0
55510,1,8.0
55511,0,9.0
55512,0,29.0
55513,0,8.0
55514,1,23.0
55515,0,31.0
55516,0,24.0
55517,0,15.0
55518,0,13.0
55519,1,17.0
55520,1,10.0
55521,0,11.0
55522,0,13.0
55523,0,8.0
55524,0,17.0
55525,1,8.0
55526,0,31.0
55527,0,28.0
55528,0,9.0
55529,1,29.0
55530,1,20.0
55531,0,21.0
55532,0,18.0
55533,0,16.0
55534,1,15.0
55535,1,28.0
55536,1,12.0
55537,0,16.0
55538,0,9.0
55539,1,19.0
55540,0,29.0
55541,0,25.0
55542,0,23.0
55543,1,10.0
55544,0,16.0
55545,0,8.0
55546,0,20.0
55547,0,8.0
55548,0,8.0
55549,0,22.0
55550,0,8.0
55551,0,24.0
55552,0,8.0
55553,1,14.0
55554,0,16.0
55555,0,12.0
55556,1,33.0
55557,1,31.0
55558,0,16.0
55559,0,14.0
55560,0,18.0
55561,1,8.0
55562,1,33.0
55563,1,9.0
55564,0,22.0
55565,0,30.0
55566,0,17.0
55567,1,17.0
55568,0,8.0
55569,0,19.0
55570,0,18.0
55571,0,9.0
55572,0,9.0
55573,0,8.0
55574,1,9.0
55575,0,32.0
55576,0,8.0
55577,0,8.0
55578,0,9.0
55579,0,13.0
55580,1,25.0
55581,0,8.0
55582,0,8.0
55583,1,18.0
55584,0,8.0
55585,0,16.0
55586,1,22.0
55587,0,36.0
55588,0,8.0
55589,0,8.0
55590,0,31.0
55591,0,17.0
55592,0,8.0
55593,1,17.0
55594,1,15.0
55595,0,36.0
55596,1,8.0
55597,1,12.0
55598,0,16.0
55599,0,16.0
55600,0,10.0
55601,0,11.0
55602,0,8.0
55603,1,8.0
55604,0,9.0
55605,0,14.0
55606,0,35.0
55607,0,35.0
55608,0,22.0
55609,0,10.0
55610,0,9.0
55611,1,33.0
55612,0,17.0
55613,0,8.0
55614,0,18.0
55615,0,27.0
55616,0,9.0
55617,1,25.0
55618,0,9.0
55619,0,8.0
55620,1,20.0
55621,0,35.0
55622,1,35.0
55623,0,31.0
55624,0,12.0
55625,0,12.0
55626,0,30.0
55627,0,13.0
55628,1,11.0
55629,0,9.0
55630,0,15.0
